#
# There is insufficient memory for the Java Runtime Environment to continue.
# Native memory allocation (malloc) failed to allocate 1218256 bytes for Chunk::new
# Possible reasons:
#   The system is out of physical RAM or swap space
#   The process is running with CompressedOops enabled, and the Java Heap may be blocking the growth of the native heap
# Possible solutions:
#   Reduce memory load on the system
#   Increase physical memory or swap space
#   Check if swap backing store is full
#   Decrease Java heap size (-Xmx/-Xms)
#   Decrease number of Java threads
#   Decrease Java thread stack sizes (-Xss)
#   Set larger code cache with -XX:ReservedCodeCacheSize=
#   JVM is running with Unscaled Compressed Oops mode in which the Java heap is
#     placed in the first 4GB address space. The Java Heap base address is the
#     maximum limit for the native heap growth. Please use -XX:HeapBaseMinAddress
#     to set the Java Heap base and to place the Java Heap above 4GB virtual address.
# This output file may be truncated or incomplete.
#
#  Out of Memory Error (arena.cpp:189), pid=18524, tid=1004
#
# JRE version: Java(TM) SE Runtime Environment (17.0.12+8) (build 17.0.12+8-LTS-286)
# Java VM: Java HotSpot(TM) 64-Bit Server VM (17.0.12+8-LTS-286, mixed mode, sharing, tiered, compressed oops, compressed class ptrs, g1 gc, windows-amd64)
# No core dump will be written. Minidumps are not enabled by default on client versions of Windows
#

---------------  S U M M A R Y ------------

Command Line: --add-opens=java.base/java.lang=ALL-UNNAMED --add-opens=java.base/java.lang.invoke=ALL-UNNAMED --add-opens=java.base/java.util=ALL-UNNAMED --add-opens=java.prefs/java.util.prefs=ALL-UNNAMED --add-exports=jdk.compiler/com.sun.tools.javac.api=ALL-UNNAMED --add-exports=jdk.compiler/com.sun.tools.javac.util=ALL-UNNAMED --add-opens=java.base/java.util=ALL-UNNAMED --add-opens=java.prefs/java.util.prefs=ALL-UNNAMED --add-opens=java.base/java.nio.charset=ALL-UNNAMED --add-opens=java.base/java.net=ALL-UNNAMED --add-opens=java.base/java.util.concurrent=ALL-UNNAMED --add-opens=java.base/java.util.concurrent.atomic=ALL-UNNAMED --add-opens=java.xml/javax.xml.namespace=ALL-UNNAMED --add-opens=java.base/java.time=ALL-UNNAMED -XX:MaxMetaspaceSize=512m -Xmx2048m -Dfile.encoding=windows-1252 -Duser.country=IN -Duser.language=en -Duser.variant -javaagent:C:\Users\Sandipan\.gradle\wrapper\dists\gradle-9.3.1-bin\23ovyewtku6u96viwx3xl3oks\gradle-9.3.1\lib\agents\gradle-instrumentation-agent-9.3.1.jar org.gradle.launcher.daemon.bootstrap.GradleDaemon 9.3.1

Host: AMD Ryzen 3 7320U with Radeon Graphics         , 8 cores, 5G,  Windows 11 , 64 bit Build 26100 (10.0.26100.8875)
Time: Thu Aug 13 15:25:54 2026 India Standard Time elapsed time: 69.822815 seconds (0d 0h 1m 9s)

---------------  T H R E A D  ---------------

Current thread (0x0000025a78822390):  JavaThread "C2 CompilerThread0" daemon [_thread_in_native, id=1004, stack(0x000000b2eb800000,0x000000b2eb900000)]


Current CompileTask:
C2:  69823 24881   !   4       java.io.ObjectOutputStream::writeSerialData (223 bytes)

Stack: [0x000000b2eb800000,0x000000b2eb900000]
Native frames: (J=compiled Java code, j=interpreted, Vv=VM code, C=native code)
V  [jvm.dll+0x67a04a]
V  [jvm.dll+0x7da4ed]
V  [jvm.dll+0x7dbe33]
V  [jvm.dll+0x7dc4a3]
V  [jvm.dll+0x24508f]
V  [jvm.dll+0xab773]
V  [jvm.dll+0xabd3c]
V  [jvm.dll+0x361b9f]
V  [jvm.dll+0x1ba2d5]
V  [jvm.dll+0x216997]
V  [jvm.dll+0x215c6f]
V  [jvm.dll+0x1a2960]
V  [jvm.dll+0x22610b]
V  [jvm.dll+0x2242ab]
V  [jvm.dll+0x79075c]
V  [jvm.dll+0x78abea]
V  [jvm.dll+0x678f35]
C  [ucrtbase.dll+0x2cd30]
C  [KERNEL32.DLL+0x2e957]
C  [ntdll.dll+0xaad6c]


---------------  P R O C E S S  ---------------

Threads class SMR info:
_java_thread_list=0x0000025a24877c40, length=174, elements={
0x0000025a58649f90, 0x0000025a78800d40, 0x0000025a78801420, 0x0000025a78819d80,
0x0000025a7881a260, 0x0000025a7881c750, 0x0000025a788213e0, 0x0000025a78822390,
0x0000025a78825110, 0x0000025a7883f6d0, 0x0000025a78a65130, 0x0000025a78b34080,
0x0000025a7db9e850, 0x0000025a7df6eac0, 0x0000025a7df0b4c0, 0x0000025a7eb45760,
0x0000025a7d121bf0, 0x0000025a7d120cc0, 0x0000025a7d122100, 0x0000025a7d122610,
0x0000025a7d122b20, 0x0000025a7d1211d0, 0x0000025a7d1216e0, 0x0000025a7d123030,
0x0000025a7d123540, 0x0000025a7d123f60, 0x0000025a7d123a50, 0x0000025a7d1207b0,
0x0000025a7d019f00, 0x0000025a7d01a410, 0x0000025a7d0180a0, 0x0000025a7d01bd60,
0x0000025a7d01a920, 0x0000025a7d0185b0, 0x0000025a7d0194e0, 0x0000025a7d01b340,
0x0000025a7d01ae30, 0x0000025a7d018ac0, 0x0000025a7d01dbc0, 0x0000025a7d01c780,
0x0000025a7d01e0d0, 0x0000025a7d01e5e0, 0x0000025a7d01eaf0, 0x0000025a7d01cc90,
0x0000025a7d01d1a0, 0x0000025a7d01f510, 0x0000025a7d01fa20, 0x0000025a7d01d6b0,
0x0000025a7d01f000, 0x0000025a7e621610, 0x0000025a7e621b20, 0x0000025a7e622030,
0x0000025a7e623470, 0x0000025a7e61fcc0, 0x0000025a7e6206e0, 0x0000025a7e622540,
0x0000025a7e622a50, 0x0000025a7e621100, 0x0000025a7e622f60, 0x0000025a7e620bf0,
0x0000025a7f14a160, 0x0000025a7f149230, 0x0000025a7f149c50, 0x0000025a7f148810,
0x0000025a7f147df0, 0x0000025a7f14a670, 0x0000025a7f14ab80, 0x0000025a7f1473d0,
0x0000025a7f14b090, 0x0000025a7f14b5a0, 0x0000025a7f148300, 0x0000025a7f14e840,
0x0000025a7f14cef0, 0x0000025a7f14e330, 0x0000025a7f14de20, 0x0000025a7f14bab0,
0x0000025a7f14c4d0, 0x0000025a7f14c9e0, 0x0000025a7f14d400, 0x0000025a7f14d910,
0x0000025a1b073ea0, 0x0000025a1b072550, 0x0000025a1b072a60, 0x0000025a1b0748c0,
0x0000025a1b073990, 0x0000025a1b072f70, 0x0000025a1b074dd0, 0x0000025a1b073480,
0x0000025a1b0743b0, 0x0000025a1b0752e0, 0x0000025a1b0757f0, 0x0000025a1b072040,
0x0000025a1b077650, 0x0000025a1b077140, 0x0000025a1b078a90, 0x0000025a1b077b60,
0x0000025a1b078fa0, 0x0000025a1b078070, 0x0000025a1b0794b0, 0x0000025a1b078580,
0x0000025a1b075d00, 0x0000025a1b0799c0, 0x0000025a1b076c30, 0x0000025a1bc543c0,
0x0000025a1bc548d0, 0x0000025a1bc55800, 0x0000025a1bc55d10, 0x0000025a1bc56730,
0x0000025a1bc56c40, 0x0000025a1bc54de0, 0x0000025a1bc56220, 0x0000025a1bc552f0,
0x0000025a1bc57150, 0x0000025a1bc57660, 0x0000025a1bc53eb0, 0x0000025a1dabd650,
0x0000025a1dabdb60, 0x0000025a1dabc720, 0x0000025a1dabe580, 0x0000025a1dabe070,
0x0000025a1dabd140, 0x0000025a1dabbd00, 0x0000025a1dabcc30, 0x0000025a1dabefa0,
0x0000025a1dabf4b0, 0x0000025a1dabea90, 0x0000025a1dabf9c0, 0x0000025a1dabc210,
0x0000025a1dac2240, 0x0000025a1dabfed0, 0x0000025a1dac1d30, 0x0000025a1dac3680,
0x0000025a1dac2750, 0x0000025a1dac1310, 0x0000025a1dac08f0, 0x0000025a1dac3170,
0x0000025a1dac1820, 0x0000025a1dac0e00, 0x0000025a1dac2c60, 0x0000025a1b8b4060,
0x0000025a1b8b4f90, 0x0000025a1b8b6df0, 0x0000025a1b8b68e0, 0x0000025a1b8b59b0,
0x0000025a1b8b7300, 0x0000025a245f9e30, 0x0000025a245f75b0, 0x0000025a245f7ac0,
0x0000025a245f8f00, 0x0000025a245fb270, 0x0000025a245f7fd0, 0x0000025a245fe510,
0x0000025a245fd0d0, 0x0000025a1b8b7d20, 0x0000025a1b8b4570, 0x0000025a1b076720,
0x0000025a245f84e0, 0x0000025a24b8b8f0, 0x0000025a24b8d240, 0x0000025a24b8e680,
0x0000025a24b8d750, 0x0000025a24b8c310, 0x0000025a24b8dc60, 0x0000025a24b8eb90,
0x0000025a24b8c820, 0x0000025a24b8be00, 0x0000025a24b8f0a0, 0x0000025a24b8ffd0,
0x0000025a24b8f5b0, 0x0000025a24b8fac0, 0x0000025a24b904e0, 0x0000025a24b8cd30,
0x0000025a24b92850, 0x0000025a24b92340
}

Java Threads: ( => current thread )
  0x0000025a58649f90 JavaThread "main" [_thread_blocked, id=23456, stack(0x000000b2eab00000,0x000000b2eac00000)]
  0x0000025a78800d40 JavaThread "Reference Handler" daemon [_thread_blocked, id=11652, stack(0x000000b2eb200000,0x000000b2eb300000)]
  0x0000025a78801420 JavaThread "Finalizer" daemon [_thread_blocked, id=2496, stack(0x000000b2eb300000,0x000000b2eb400000)]
  0x0000025a78819d80 JavaThread "Signal Dispatcher" daemon [_thread_blocked, id=1844, stack(0x000000b2eb400000,0x000000b2eb500000)]
  0x0000025a7881a260 JavaThread "Attach Listener" daemon [_thread_blocked, id=16840, stack(0x000000b2eb500000,0x000000b2eb600000)]
  0x0000025a7881c750 JavaThread "Service Thread" daemon [_thread_blocked, id=6444, stack(0x000000b2eb600000,0x000000b2eb700000)]
  0x0000025a788213e0 JavaThread "Monitor Deflation Thread" daemon [_thread_blocked, id=3732, stack(0x000000b2eb700000,0x000000b2eb800000)]
=>0x0000025a78822390 JavaThread "C2 CompilerThread0" daemon [_thread_in_native, id=1004, stack(0x000000b2eb800000,0x000000b2eb900000)]
  0x0000025a78825110 JavaThread "C1 CompilerThread0" daemon [_thread_blocked, id=16520, stack(0x000000b2eb900000,0x000000b2eba00000)]
  0x0000025a7883f6d0 JavaThread "Sweeper thread" daemon [_thread_blocked, id=5544, stack(0x000000b2eba00000,0x000000b2ebb00000)]
  0x0000025a78a65130 JavaThread "Common-Cleaner" daemon [_thread_blocked, id=18212, stack(0x000000b2ebb00000,0x000000b2ebc00000)]
  0x0000025a78b34080 JavaThread "Notification Thread" daemon [_thread_blocked, id=13568, stack(0x000000b2ebc00000,0x000000b2ebd00000)]
  0x0000025a7db9e850 JavaThread "Daemon health stats" [_thread_blocked, id=15624, stack(0x000000b2ebf00000,0x000000b2ec000000)]
  0x0000025a7df6eac0 JavaThread "Incoming local TCP Connector on port 54907" [_thread_in_native, id=12588, stack(0x000000b2ebe00000,0x000000b2ebf00000)]
  0x0000025a7df0b4c0 JavaThread "Daemon periodic checks" [_thread_blocked, id=8320, stack(0x000000b2ec500000,0x000000b2ec600000)]
  0x0000025a7eb45760 JavaThread "Daemon" [_thread_blocked, id=11992, stack(0x000000b2ec600000,0x000000b2ec700000)]
  0x0000025a7d121bf0 JavaThread "Handler for socket connection from /127.0.0.1:54907 to /127.0.0.1:54908" [_thread_in_native, id=15192, stack(0x000000b2ec700000,0x000000b2ec800000)]
  0x0000025a7d120cc0 JavaThread "Cancel handler" [_thread_blocked, id=5208, stack(0x000000b2ec800000,0x000000b2ec900000)]
  0x0000025a7d122100 JavaThread "Daemon worker" [_thread_blocked, id=5844, stack(0x000000b2ec900000,0x000000b2eca00000)]
  0x0000025a7d122610 JavaThread "Asynchronous log dispatcher for DefaultDaemonConnection: socket connection from /127.0.0.1:54907 to /127.0.0.1:54908" [_thread_blocked, id=11376, stack(0x000000b2ecb00000,0x000000b2ecc00000)]
  0x0000025a7d122b20 JavaThread "Stdin handler" [_thread_blocked, id=176, stack(0x000000b2ecc00000,0x000000b2ecd00000)]
  0x0000025a7d1211d0 JavaThread "Daemon client event forwarder" [_thread_blocked, id=17964, stack(0x000000b2ecd00000,0x000000b2ece00000)]
  0x0000025a7d1216e0 JavaThread "Cache worker for journal cache (C:\Users\Sandipan\.gradle\caches\journal-1)" [_thread_blocked, id=13320, stack(0x000000b2eca00000,0x000000b2ecb00000)]
  0x0000025a7d123030 JavaThread "File lock request listener" [_thread_in_native, id=16084, stack(0x000000b2ed100000,0x000000b2ed200000)]
  0x0000025a7d123540 JavaThread "Cache worker for file hash cache (C:\Users\Sandipan\.gradle\caches\9.3.1\fileHashes)" [_thread_blocked, id=9996, stack(0x000000b2ed200000,0x000000b2ed300000)]
  0x0000025a7d123f60 JavaThread "Cache worker for file hash cache (C:\MatrimonyApp\android\.gradle\9.3.1\fileHashes)" [_thread_in_Java, id=11388, stack(0x000000b2ed500000,0x000000b2ed600000)]
  0x0000025a7d123a50 JavaThread "Cache worker for Build Output Cleanup Cache (C:\MatrimonyApp\android\.gradle\buildOutputCleanup)" [_thread_blocked, id=17896, stack(0x000000b2ed600000,0x000000b2ed700000)]
  0x0000025a7d1207b0 JavaThread "File watcher server" daemon [_thread_in_native, id=20448, stack(0x000000b2ed700000,0x000000b2ed800000)]
  0x0000025a7d019f00 JavaThread "File watcher consumer" daemon [_thread_blocked, id=9984, stack(0x000000b2ed800000,0x000000b2ed900000)]
  0x0000025a7d01a410 JavaThread "Cache worker for checksums cache (C:\MatrimonyApp\android\.gradle\9.3.1\checksums)" [_thread_blocked, id=2140, stack(0x000000b2ed900000,0x000000b2eda00000)]
  0x0000025a7d0180a0 JavaThread "Cache worker for file content cache (C:\Users\Sandipan\.gradle\caches\9.3.1\fileContent)" [_thread_blocked, id=20056, stack(0x000000b2eda00000,0x000000b2edb00000)]
  0x0000025a7d01bd60 JavaThread "Cache worker for cache directory md-supplier (C:\Users\Sandipan\.gradle\caches\9.3.1\md-supplier)" [_thread_blocked, id=20060, stack(0x000000b2edb00000,0x000000b2edc00000)]
  0x0000025a7d01a920 JavaThread "Cache worker for cache directory md-rule (C:\Users\Sandipan\.gradle\caches\9.3.1\md-rule)" [_thread_blocked, id=4444, stack(0x000000b2edc00000,0x000000b2edd00000)]
  0x0000025a7d0185b0 JavaThread "jar transforms" [_thread_blocked, id=1640, stack(0x000000b2ede00000,0x000000b2edf00000)]
  0x0000025a7d0194e0 JavaThread "Cache worker for Build Output Cleanup Cache (C:\MatrimonyApp\node_modules\@react-native\gradle-plugin\.gradle\buildOutputCleanup)" [_thread_blocked, id=18836, stack(0x000000b2edf00000,0x000000b2ee000000)]
  0x0000025a7d01b340 JavaThread "Unconstrained build operations" [_thread_blocked, id=17520, stack(0x000000b2ee000000,0x000000b2ee100000)]
  0x0000025a7d01ae30 JavaThread "Unconstrained build operations Thread 2" [_thread_blocked, id=22908, stack(0x000000b2ee100000,0x000000b2ee200000)]
  0x0000025a7d018ac0 JavaThread "Unconstrained build operations Thread 3" [_thread_blocked, id=15732, stack(0x000000b2ee200000,0x000000b2ee300000)]
  0x0000025a7d01dbc0 JavaThread "Unconstrained build operations Thread 4" [_thread_blocked, id=22772, stack(0x000000b2ed300000,0x000000b2ed400000)]
  0x0000025a7d01c780 JavaThread "Unconstrained build operations Thread 5" [_thread_blocked, id=15064, stack(0x000000b2ee300000,0x000000b2ee400000)]
  0x0000025a7d01e0d0 JavaThread "Unconstrained build operations Thread 6" [_thread_blocked, id=21152, stack(0x000000b2ee400000,0x000000b2ee500000)]
  0x0000025a7d01e5e0 JavaThread "Unconstrained build operations Thread 7" [_thread_blocked, id=21412, stack(0x000000b2ee500000,0x000000b2ee600000)]
  0x0000025a7d01eaf0 JavaThread "Unconstrained build operations Thread 8" [_thread_blocked, id=6304, stack(0x000000b2ee600000,0x000000b2ee700000)]
  0x0000025a7d01cc90 JavaThread "Unconstrained build operations Thread 9" [_thread_blocked, id=2296, stack(0x000000b2ee700000,0x000000b2ee800000)]
  0x0000025a7d01d1a0 JavaThread "Unconstrained build operations Thread 10" [_thread_blocked, id=23000, stack(0x000000b2ee800000,0x000000b2ee900000)]
  0x0000025a7d01f510 JavaThread "Unconstrained build operations Thread 11" [_thread_blocked, id=22448, stack(0x000000b2ee900000,0x000000b2eea00000)]
  0x0000025a7d01fa20 JavaThread "Unconstrained build operations Thread 12" [_thread_blocked, id=13560, stack(0x000000b2eea00000,0x000000b2eeb00000)]
  0x0000025a7d01d6b0 JavaThread "Unconstrained build operations Thread 13" [_thread_blocked, id=21440, stack(0x000000b2eeb00000,0x000000b2eec00000)]
  0x0000025a7d01f000 JavaThread "Unconstrained build operations Thread 14" [_thread_blocked, id=20180, stack(0x000000b2eec00000,0x000000b2eed00000)]
  0x0000025a7e621610 JavaThread "Unconstrained build operations Thread 15" [_thread_blocked, id=20892, stack(0x000000b2eed00000,0x000000b2eee00000)]
  0x0000025a7e621b20 JavaThread "Unconstrained build operations Thread 16" [_thread_blocked, id=21588, stack(0x000000b2eee00000,0x000000b2eef00000)]
  0x0000025a7e622030 JavaThread "Unconstrained build operations Thread 17" [_thread_blocked, id=21564, stack(0x000000b2eef00000,0x000000b2ef000000)]
  0x0000025a7e623470 JavaThread "Unconstrained build operations Thread 18" [_thread_blocked, id=13844, stack(0x000000b2ef000000,0x000000b2ef100000)]
  0x0000025a7e61fcc0 JavaThread "Unconstrained build operations Thread 19" [_thread_blocked, id=18024, stack(0x000000b2ef100000,0x000000b2ef200000)]
  0x0000025a7e6206e0 JavaThread "Unconstrained build operations Thread 20" [_thread_blocked, id=20404, stack(0x000000b2ef200000,0x000000b2ef300000)]
  0x0000025a7e622540 JavaThread "Unconstrained build operations Thread 21" [_thread_blocked, id=20956, stack(0x000000b2ef300000,0x000000b2ef400000)]
  0x0000025a7e622a50 JavaThread "Unconstrained build operations Thread 22" [_thread_blocked, id=22624, stack(0x000000b2ef400000,0x000000b2ef500000)]
  0x0000025a7e621100 JavaThread "Unconstrained build operations Thread 23" [_thread_blocked, id=23244, stack(0x000000b2ef500000,0x000000b2ef600000)]
  0x0000025a7e622f60 JavaThread "Unconstrained build operations Thread 24" [_thread_blocked, id=20388, stack(0x000000b2ef600000,0x000000b2ef700000)]
  0x0000025a7e620bf0 JavaThread "build event listener" [_thread_blocked, id=19204, stack(0x000000b2ef700000,0x000000b2ef800000)]
  0x0000025a7f14a160 JavaThread "Memory manager" [_thread_blocked, id=2360, stack(0x000000b2ef800000,0x000000b2ef900000)]
  0x0000025a7f149230 JavaThread "Problems report writer" [_thread_blocked, id=14504, stack(0x000000b2ef900000,0x000000b2efa00000)]
  0x0000025a7f149c50 JavaThread "ForkJoinPool.commonPool-worker-1" daemon [_thread_blocked, id=9520, stack(0x000000b2efa00000,0x000000b2efb00000)]
  0x0000025a7f148810 JavaThread "ForkJoinPool.commonPool-worker-2" daemon [_thread_blocked, id=9536, stack(0x000000b2efb00000,0x000000b2efc00000)]
  0x0000025a7f147df0 JavaThread "ForkJoinPool.commonPool-worker-3" daemon [_thread_blocked, id=23180, stack(0x000000b2efc00000,0x000000b2efd00000)]
  0x0000025a7f14a670 JavaThread "ForkJoinPool.commonPool-worker-4" daemon [_thread_blocked, id=3436, stack(0x000000b2efd00000,0x000000b2efe00000)]
  0x0000025a7f14ab80 JavaThread "ForkJoinPool.commonPool-worker-5" daemon [_thread_blocked, id=18016, stack(0x000000b2efe00000,0x000000b2eff00000)]
  0x0000025a7f1473d0 JavaThread "ForkJoinPool.commonPool-worker-6" daemon [_thread_blocked, id=4908, stack(0x000000b2eff00000,0x000000b2f0000000)]
  0x0000025a7f14b090 JavaThread "ForkJoinPool.commonPool-worker-7" daemon [_thread_blocked, id=18492, stack(0x000000b2f0000000,0x000000b2f0100000)]
  0x0000025a7f14b5a0 JavaThread "Exec process" [_thread_blocked, id=19928, stack(0x000000b2f0100000,0x000000b2f0200000)]
  0x0000025a7f148300 JavaThread "Exec process Thread 2" [_thread_blocked, id=14628, stack(0x000000b2f0200000,0x000000b2f0300000)]
  0x0000025a7f14e840 JavaThread "Exec process Thread 3" [_thread_blocked, id=21168, stack(0x000000b2f0300000,0x000000b2f0400000)]
  0x0000025a7f14cef0 JavaThread "included builds" [_thread_blocked, id=15088, stack(0x000000b2f0500000,0x000000b2f0600000)]
  0x0000025a7f14e330 JavaThread "Execution worker" [_thread_in_native, id=8100, stack(0x000000b2f0600000,0x000000b2f0700000)]
  0x0000025a7f14de20 JavaThread "Execution worker Thread 2" [_thread_blocked, id=23376, stack(0x000000b2f0700000,0x000000b2f0800000)]
  0x0000025a7f14bab0 JavaThread "Execution worker Thread 3" [_thread_blocked, id=9048, stack(0x000000b2f0800000,0x000000b2f0900000)]
  0x0000025a7f14c4d0 JavaThread "Execution worker Thread 4" [_thread_blocked, id=6940, stack(0x000000b2f0900000,0x000000b2f0a00000)]
  0x0000025a7f14c9e0 JavaThread "Execution worker Thread 5" [_thread_blocked, id=6104, stack(0x000000b2f0a00000,0x000000b2f0b00000)]
  0x0000025a7f14d400 JavaThread "Execution worker Thread 6" [_thread_blocked, id=9896, stack(0x000000b2f0b00000,0x000000b2f0c00000)]
  0x0000025a7f14d910 JavaThread "Execution worker Thread 7" [_thread_blocked, id=19296, stack(0x000000b2f0c00000,0x000000b2f0d00000)]
  0x0000025a1b073ea0 JavaThread "Cache worker for execution history cache (C:\MatrimonyApp\node_modules\@react-native\gradle-plugin\.gradle\9.3.1\executionHistory)" [_thread_blocked, id=18140, stack(0x000000b2f0d00000,0x000000b2f0e00000)]
  0x0000025a1b072550 JavaThread "Unconstrained build operations Thread 25" [_thread_blocked, id=900, stack(0x000000b2f0e00000,0x000000b2f0f00000)]
  0x0000025a1b072a60 JavaThread "Unconstrained build operations Thread 26" [_thread_blocked, id=23372, stack(0x000000b2f0f00000,0x000000b2f1000000)]
  0x0000025a1b0748c0 JavaThread "Unconstrained build operations Thread 27" [_thread_blocked, id=14772, stack(0x000000b2f1000000,0x000000b2f1100000)]
  0x0000025a1b073990 JavaThread "Unconstrained build operations Thread 28" [_thread_blocked, id=13800, stack(0x000000b2f1100000,0x000000b2f1200000)]
  0x0000025a1b072f70 JavaThread "Unconstrained build operations Thread 29" [_thread_blocked, id=19192, stack(0x000000b2f1200000,0x000000b2f1300000)]
  0x0000025a1b074dd0 JavaThread "Unconstrained build operations Thread 30" [_thread_blocked, id=18236, stack(0x000000b2f1300000,0x000000b2f1400000)]
  0x0000025a1b073480 JavaThread "Unconstrained build operations Thread 31" [_thread_blocked, id=1372, stack(0x000000b2f1400000,0x000000b2f1500000)]
  0x0000025a1b0743b0 JavaThread "Unconstrained build operations Thread 32" [_thread_blocked, id=22880, stack(0x000000b2f1500000,0x000000b2f1600000)]
  0x0000025a1b0752e0 JavaThread "Unconstrained build operations Thread 33" [_thread_blocked, id=22216, stack(0x000000b2f1600000,0x000000b2f1700000)]
  0x0000025a1b0757f0 JavaThread "Unconstrained build operations Thread 34" [_thread_blocked, id=19532, stack(0x000000b2f1700000,0x000000b2f1800000)]
  0x0000025a1b072040 JavaThread "Unconstrained build operations Thread 35" [_thread_blocked, id=23524, stack(0x000000b2f1800000,0x000000b2f1900000)]
  0x0000025a1b077650 JavaThread "Unconstrained build operations Thread 36" [_thread_blocked, id=3292, stack(0x000000b2f1900000,0x000000b2f1a00000)]
  0x0000025a1b077140 JavaThread "Unconstrained build operations Thread 37" [_thread_blocked, id=8316, stack(0x000000b2f1a00000,0x000000b2f1b00000)]
  0x0000025a1b078a90 JavaThread "Unconstrained build operations Thread 38" [_thread_blocked, id=21772, stack(0x000000b2f1b00000,0x000000b2f1c00000)]
  0x0000025a1b077b60 JavaThread "Unconstrained build operations Thread 39" [_thread_blocked, id=9928, stack(0x000000b2f1c00000,0x000000b2f1d00000)]
  0x0000025a1b078fa0 JavaThread "Unconstrained build operations Thread 40" [_thread_blocked, id=22396, stack(0x000000b2f1d00000,0x000000b2f1e00000)]
  0x0000025a1b078070 JavaThread "Unconstrained build operations Thread 41" [_thread_blocked, id=9596, stack(0x000000b2f1e00000,0x000000b2f1f00000)]
  0x0000025a1b0794b0 JavaThread "Unconstrained build operations Thread 42" [_thread_blocked, id=21180, stack(0x000000b2f1f00000,0x000000b2f2000000)]
  0x0000025a1b078580 JavaThread "Unconstrained build operations Thread 43" [_thread_blocked, id=7264, stack(0x000000b2f2000000,0x000000b2f2100000)]
  0x0000025a1b075d00 JavaThread "Unconstrained build operations Thread 44" [_thread_blocked, id=20532, stack(0x000000b2f2100000,0x000000b2f2200000)]
  0x0000025a1b0799c0 JavaThread "Unconstrained build operations Thread 45" [_thread_blocked, id=23124, stack(0x000000b2f2200000,0x000000b2f2300000)]
  0x0000025a1b076c30 JavaThread "Unconstrained build operations Thread 46" [_thread_blocked, id=20296, stack(0x000000b2f2300000,0x000000b2f2400000)]
  0x0000025a1bc543c0 JavaThread "Unconstrained build operations Thread 47" [_thread_blocked, id=21392, stack(0x000000b2f2400000,0x000000b2f2500000)]
  0x0000025a1bc548d0 JavaThread "Unconstrained build operations Thread 48" [_thread_blocked, id=23232, stack(0x000000b2f2500000,0x000000b2f2600000)]
  0x0000025a1bc55800 JavaThread "Unconstrained build operations Thread 49" [_thread_blocked, id=9820, stack(0x000000b2f2600000,0x000000b2f2700000)]
  0x0000025a1bc55d10 JavaThread "Unconstrained build operations Thread 50" [_thread_blocked, id=22300, stack(0x000000b2f2700000,0x000000b2f2800000)]
  0x0000025a1bc56730 JavaThread "Unconstrained build operations Thread 51" [_thread_blocked, id=10292, stack(0x000000b2f2800000,0x000000b2f2900000)]
  0x0000025a1bc56c40 JavaThread "Unconstrained build operations Thread 52" [_thread_blocked, id=22268, stack(0x000000b2f2900000,0x000000b2f2a00000)]
  0x0000025a1bc54de0 JavaThread "Unconstrained build operations Thread 53" [_thread_blocked, id=18468, stack(0x000000b2f2a00000,0x000000b2f2b00000)]
  0x0000025a1bc56220 JavaThread "Unconstrained build operations Thread 54" [_thread_blocked, id=10556, stack(0x000000b2f2b00000,0x000000b2f2c00000)]
  0x0000025a1bc552f0 JavaThread "Unconstrained build operations Thread 55" [_thread_blocked, id=5056, stack(0x000000b2f2c00000,0x000000b2f2d00000)]
  0x0000025a1bc57150 JavaThread "Unconstrained build operations Thread 56" [_thread_blocked, id=17484, stack(0x000000b2f2d00000,0x000000b2f2e00000)]
  0x0000025a1bc57660 JavaThread "Unconstrained build operations Thread 57" [_thread_blocked, id=10836, stack(0x000000b2f2e00000,0x000000b2f2f00000)]
  0x0000025a1bc53eb0 JavaThread "Unconstrained build operations Thread 58" [_thread_blocked, id=17612, stack(0x000000b2f2f00000,0x000000b2f3000000)]
  0x0000025a1dabd650 JavaThread "Unconstrained build operations Thread 59" [_thread_blocked, id=16836, stack(0x000000b2f3000000,0x000000b2f3100000)]
  0x0000025a1dabdb60 JavaThread "Unconstrained build operations Thread 60" [_thread_blocked, id=22180, stack(0x000000b2f3100000,0x000000b2f3200000)]
  0x0000025a1dabc720 JavaThread "Unconstrained build operations Thread 61" [_thread_blocked, id=15376, stack(0x000000b2f3200000,0x000000b2f3300000)]
  0x0000025a1dabe580 JavaThread "Unconstrained build operations Thread 62" [_thread_blocked, id=13164, stack(0x000000b2f3300000,0x000000b2f3400000)]
  0x0000025a1dabe070 JavaThread "Unconstrained build operations Thread 63" [_thread_blocked, id=19876, stack(0x000000b2f3400000,0x000000b2f3500000)]
  0x0000025a1dabd140 JavaThread "Unconstrained build operations Thread 64" [_thread_blocked, id=14448, stack(0x000000b2f3500000,0x000000b2f3600000)]
  0x0000025a1dabbd00 JavaThread "Unconstrained build operations Thread 65" [_thread_blocked, id=9108, stack(0x000000b2f3600000,0x000000b2f3700000)]
  0x0000025a1dabcc30 JavaThread "Unconstrained build operations Thread 66" [_thread_blocked, id=19848, stack(0x000000b2f3700000,0x000000b2f3800000)]
  0x0000025a1dabefa0 JavaThread "Unconstrained build operations Thread 67" [_thread_blocked, id=23220, stack(0x000000b2f3800000,0x000000b2f3900000)]
  0x0000025a1dabf4b0 JavaThread "Unconstrained build operations Thread 68" [_thread_blocked, id=20528, stack(0x000000b2f3900000,0x000000b2f3a00000)]
  0x0000025a1dabea90 JavaThread "Unconstrained build operations Thread 69" [_thread_blocked, id=9532, stack(0x000000b2f3a00000,0x000000b2f3b00000)]
  0x0000025a1dabf9c0 JavaThread "Unconstrained build operations Thread 70" [_thread_blocked, id=9720, stack(0x000000b2f3b00000,0x000000b2f3c00000)]
  0x0000025a1dabc210 JavaThread "Unconstrained build operations Thread 71" [_thread_blocked, id=22076, stack(0x000000b2f3c00000,0x000000b2f3d00000)]
  0x0000025a1dac2240 JavaThread "Unconstrained build operations Thread 72" [_thread_blocked, id=19404, stack(0x000000b2f3d00000,0x000000b2f3e00000)]
  0x0000025a1dabfed0 JavaThread "Unconstrained build operations Thread 73" [_thread_blocked, id=10132, stack(0x000000b2f3e00000,0x000000b2f3f00000)]
  0x0000025a1dac1d30 JavaThread "Unconstrained build operations Thread 74" [_thread_blocked, id=2444, stack(0x000000b2f3f00000,0x000000b2f4000000)]
  0x0000025a1dac3680 JavaThread "jar transforms Thread 2" [_thread_blocked, id=8844, stack(0x000000b2f4000000,0x000000b2f4100000)]
  0x0000025a1dac2750 JavaThread "jar transforms Thread 3" [_thread_blocked, id=18892, stack(0x000000b2f4100000,0x000000b2f4200000)]
  0x0000025a1dac1310 JavaThread "Unconstrained build operations Thread 75" [_thread_blocked, id=7492, stack(0x000000b2f4200000,0x000000b2f4300000)]
  0x0000025a1dac08f0 JavaThread "Unconstrained build operations Thread 76" [_thread_blocked, id=21080, stack(0x000000b2f4300000,0x000000b2f4400000)]
  0x0000025a1dac3170 JavaThread "Unconstrained build operations Thread 77" [_thread_blocked, id=12044, stack(0x000000b2f4400000,0x000000b2f4500000)]
  0x0000025a1dac1820 JavaThread "Unconstrained build operations Thread 78" [_thread_blocked, id=11448, stack(0x000000b2f4500000,0x000000b2f4600000)]
  0x0000025a1dac0e00 JavaThread "Unconstrained build operations Thread 79" [_thread_blocked, id=22660, stack(0x000000b2f4600000,0x000000b2f4700000)]
  0x0000025a1dac2c60 JavaThread "Unconstrained build operations Thread 80" [_thread_blocked, id=20108, stack(0x000000b2f4700000,0x000000b2f4800000)]
  0x0000025a1b8b4060 JavaThread "jar transforms Thread 4" [_thread_blocked, id=14044, stack(0x000000b2f4800000,0x000000b2f4900000)]
  0x0000025a1b8b4f90 JavaThread "jar transforms Thread 5" [_thread_blocked, id=6088, stack(0x000000b2f4900000,0x000000b2f4a00000)]
  0x0000025a1b8b6df0 JavaThread "jar transforms Thread 6" [_thread_blocked, id=15424, stack(0x000000b2f4a00000,0x000000b2f4b00000)]
  0x0000025a1b8b68e0 JavaThread "build event listener" [_thread_blocked, id=13776, stack(0x000000b2f0400000,0x000000b2f0500000)]
  0x0000025a1b8b59b0 JavaThread "jar transforms Thread 7" [_thread_blocked, id=22896, stack(0x000000b2f4b00000,0x000000b2f4c00000)]
  0x0000025a1b8b7300 JavaThread "jar transforms Thread 8" [_thread_blocked, id=21956, stack(0x000000b2f4c00000,0x000000b2f4d00000)]
  0x0000025a245f9e30 JavaThread "Cache worker for execution history cache (C:\MatrimonyApp\android\.gradle\9.3.1\executionHistory)" [_thread_blocked, id=20312, stack(0x000000b2f4f00000,0x000000b2f5000000)]
  0x0000025a245f75b0 JavaThread "WorkerExecutor Queue" [_thread_blocked, id=15932, stack(0x000000b2f5300000,0x000000b2f5400000)]
  0x0000025a245f7ac0 JavaThread "WorkerExecutor Queue Thread 2" [_thread_in_native, id=16488, stack(0x000000b2f5400000,0x000000b2f5500000)]
  0x0000025a245f8f00 JavaThread "WorkerExecutor Queue Thread 3" [_thread_blocked, id=11664, stack(0x000000b2f5500000,0x000000b2f5600000)]
  0x0000025a245fb270 JavaThread "WorkerExecutor Queue Thread 5" [_thread_blocked, id=8268, stack(0x000000b2f5700000,0x000000b2f5800000)]
  0x0000025a245f7fd0 JavaThread "WorkerExecutor Queue Thread 6" [_thread_blocked, id=18148, stack(0x000000b2f5800000,0x000000b2f5900000)]
  0x0000025a245fe510 JavaThread "WorkerExecutor Queue Thread 7" [_thread_blocked, id=15772, stack(0x000000b2f5900000,0x000000b2f5a00000)]
  0x0000025a245fd0d0 JavaThread "WorkerExecutor Queue Thread 8" [_thread_in_native, id=21408, stack(0x000000b2f5a00000,0x000000b2f5b00000)]
  0x0000025a1b8b7d20 JavaThread "WorkerExecutor Queue Thread 9" [_thread_blocked, id=17924, stack(0x000000b2f5b00000,0x000000b2f5c00000)]
  0x0000025a1b8b4570 JavaThread "Cache worker for Java compile cache (C:\Users\Sandipan\.gradle\caches\9.3.1\javaCompile)" [_thread_in_native, id=4188, stack(0x000000b2f5600000,0x000000b2f5700000)]
  0x0000025a1b076720 JavaThread "Build operations" [_thread_blocked, id=21436, stack(0x000000b2ea800000,0x000000b2ea900000)]
  0x0000025a245f84e0 JavaThread "Build operations Thread 2" [_thread_blocked, id=12136, stack(0x000000b2ea900000,0x000000b2eaa00000)]
  0x0000025a24b8b8f0 JavaThread "Build operations Thread 3" [_thread_blocked, id=18512, stack(0x000000b2eaa00000,0x000000b2eab00000)]
  0x0000025a24b8d240 JavaThread "Build operations Thread 4" [_thread_blocked, id=17900, stack(0x000000b2f5c00000,0x000000b2f5d00000)]
  0x0000025a24b8e680 JavaThread "Build operations Thread 5" [_thread_blocked, id=21532, stack(0x000000b2f5d00000,0x000000b2f5e00000)]
  0x0000025a24b8d750 JavaThread "Build operations Thread 6" [_thread_blocked, id=21404, stack(0x000000b2f5e00000,0x000000b2f5f00000)]
  0x0000025a24b8c310 JavaThread "Build operations Thread 7" [_thread_blocked, id=16976, stack(0x000000b2f5f00000,0x000000b2f6000000)]
  0x0000025a24b8dc60 JavaThread "pool-3-thread-1" [_thread_blocked, id=10644, stack(0x000000b2f6000000,0x000000b2f6100000)]
  0x0000025a24b8eb90 JavaThread "stderr" [_thread_in_native, id=6348, stack(0x000000b2f6100000,0x000000b2f6200000)]
  0x0000025a24b8c820 JavaThread "stdout" [_thread_in_native, id=16128, stack(0x000000b2f6200000,0x000000b2f6300000)]
  0x0000025a24b8be00 JavaThread "Build operations Thread 8" [_thread_blocked, id=7048, stack(0x000000b2f6300000,0x000000b2f6400000)]
  0x0000025a24b8f0a0 JavaThread "RMI Scheduler(0)" daemon [_thread_blocked, id=21648, stack(0x000000b2f6400000,0x000000b2f6500000)]
  0x0000025a24b8ffd0 JavaThread "RMI RenewClean-[127.0.0.1:17380,org.jetbrains.kotlin.daemon.common.LoopbackNetworkInterface$ClientLoopbackSocketFactory@513ad6c9]" daemon [_thread_blocked, id=23548, stack(0x000000b2f6500000,0x000000b2f6600000)]
  0x0000025a24b8f5b0 JavaThread "RMI GC Daemon" daemon [_thread_blocked, id=17804, stack(0x000000b2f6600000,0x000000b2f6700000)]
  0x0000025a24b8fac0 JavaThread "RMI RenewClean-[127.0.0.1:17380,org.jetbrains.kotlin.daemon.common.LoopbackNetworkInterface$ClientLoopbackSocketFactory@5e5ee125]" daemon [_thread_blocked, id=14572, stack(0x000000b2f6700000,0x000000b2f6800000)]
  0x0000025a24b904e0 JavaThread "RMI TCP Accept-0" daemon [_thread_in_native, id=20880, stack(0x000000b2f6800000,0x000000b2f6900000)]
  0x0000025a24b8cd30 JavaThread "RMI Reaper" [_thread_blocked, id=15352, stack(0x000000b2f6900000,0x000000b2f6a00000)]
  0x0000025a24b92850 JavaThread "RMI TCP Connection(1)-127.0.0.1" daemon [_thread_in_native, id=11124, stack(0x000000b2f6a00000,0x000000b2f6b00000)]
  0x0000025a24b92340 JavaThread "RMI TCP Connection(2)-127.0.0.1" daemon [_thread_in_native, id=8856, stack(0x000000b2f6b00000,0x000000b2f6c00000)]

Other Threads:
  0x0000025a787fbc40 VMThread "VM Thread" [stack: 0x000000b2eb100000,0x000000b2eb200000] [id=17436]
  0x0000025a586c81f0 WatcherThread [stack: 0x000000b2ebd00000,0x000000b2ebe00000] [id=15716]
  0x0000025a586a7940 GCTaskThread "GC Thread#0" [stack: 0x000000b2eac00000,0x000000b2ead00000] [id=16004]
  0x0000025a7d1df6d0 GCTaskThread "GC Thread#1" [stack: 0x000000b2ec000000,0x000000b2ec100000] [id=16468]
  0x0000025a7d17f320 GCTaskThread "GC Thread#2" [stack: 0x000000b2ec100000,0x000000b2ec200000] [id=11772]
  0x0000025a7e9a2480 GCTaskThread "GC Thread#3" [stack: 0x000000b2ec200000,0x000000b2ec300000] [id=10048]
  0x0000025a7e9a1400 GCTaskThread "GC Thread#4" [stack: 0x000000b2ec300000,0x000000b2ec400000] [id=18276]
  0x0000025a7e9a21c0 GCTaskThread "GC Thread#5" [stack: 0x000000b2ece00000,0x000000b2ecf00000] [id=7216]
  0x0000025a7e9a1f00 GCTaskThread "GC Thread#6" [stack: 0x000000b2ecf00000,0x000000b2ed000000] [id=660]
  0x0000025a7e9a2740 GCTaskThread "GC Thread#7" [stack: 0x000000b2ed000000,0x000000b2ed100000] [id=17936]
  0x0000025a586b9910 ConcurrentGCThread "G1 Main Marker" [stack: 0x000000b2ead00000,0x000000b2eae00000] [id=13404]
  0x0000025a586bada0 ConcurrentGCThread "G1 Conc#0" [stack: 0x000000b2eae00000,0x000000b2eaf00000] [id=17396]
  0x0000025a7e9a16c0 ConcurrentGCThread "G1 Conc#1" [stack: 0x000000b2ed400000,0x000000b2ed500000] [id=20740]
  0x0000025a5870eb90 ConcurrentGCThread "G1 Refine#0" [stack: 0x000000b2eaf00000,0x000000b2eb000000] [id=16360]
  0x0000025a7e41cc80 ConcurrentGCThread "G1 Refine#1" [stack: 0x000000b2ec400000,0x000000b2ec500000] [id=18440]
  0x0000025a1b1d9900 ConcurrentGCThread "G1 Refine#2" [stack: 0x000000b2edd00000,0x000000b2ede00000] [id=348]
  0x0000025a1bdda940 ConcurrentGCThread "G1 Refine#3" [stack: 0x000000b2f5000000,0x000000b2f5100000] [id=6936]
  0x0000025a1be54200 ConcurrentGCThread "G1 Refine#4" [stack: 0x000000b2f5100000,0x000000b2f5200000] [id=20068]
  0x0000025a1be52920 ConcurrentGCThread "G1 Refine#5" [stack: 0x000000b2f5200000,0x000000b2f5300000] [id=1584]
  0x0000025a786aee40 ConcurrentGCThread "G1 Service" [stack: 0x000000b2eb000000,0x000000b2eb100000] [id=8376]

Threads with active compile tasks:
C2 CompilerThread0    69869 24881   !   4       java.io.ObjectOutputStream::writeSerialData (223 bytes)

VM state: not at safepoint (normal execution)

VM Mutex/Monitor currently owned by a thread: None

Heap address: 0x0000000080000000, size: 2048 MB, Compressed Oops mode: 32-bit

CDS archive(s) mapped at: [0x0000025a00000000-0x0000025a00bd0000-0x0000025a00bd0000), size 12386304, SharedBaseAddress: 0x0000025a00000000, ArchiveRelocationMode: 1.
Compressed class space mapped at: 0x0000025a01000000-0x0000025a1b000000, reserved size: 436207616
Narrow klass base: 0x0000025a00000000, Narrow klass shift: 0, Narrow klass range: 0x100000000

GC Precious Log:
 CPUs: 8 total, 8 available
 Memory: 5965M
 Large Page Support: Disabled
 NUMA Support: Disabled
 Compressed Oops: Enabled (32-bit)
 Heap Region Size: 1M
 Heap Min Capacity: 8M
 Heap Initial Capacity: 94M
 Heap Max Capacity: 2G
 Pre-touch: Disabled
 Parallel Workers: 8
 Concurrent Workers: 2
 Concurrent Refinement Workers: 8
 Periodic GC: Disabled

Heap:
 garbage-first heap   total 476160K, used 326328K [0x0000000080000000, 0x0000000100000000)
  region size 1024K, 72 young (73728K), 14 survivors (14336K)
 Metaspace       used 141304K, committed 143104K, reserved 557056K
  class space    used 18937K, committed 19840K, reserved 425984K

Heap Regions: E=young(eden), S=young(survivor), O=old, HS=humongous(starts), HC=humongous(continues), CS=collection set, F=free, OA=open archive, CA=closed archive, TAMS=top-at-mark-start (previous, next)
|   0|0x0000000080000000, 0x0000000080100000, 0x0000000080100000|100%|HS|  |TAMS 0x0000000080100000, 0x0000000080000000| Complete 
|   1|0x0000000080100000, 0x0000000080200000, 0x0000000080200000|100%|HC|  |TAMS 0x0000000080200000, 0x0000000080100000| Complete 
|   2|0x0000000080200000, 0x0000000080300000, 0x0000000080300000|100%|HC|  |TAMS 0x0000000080300000, 0x0000000080200000| Complete 
|   3|0x0000000080300000, 0x0000000080400000, 0x0000000080400000|100%|HC|  |TAMS 0x0000000080400000, 0x0000000080300000| Complete 
|   4|0x0000000080400000, 0x0000000080500000, 0x0000000080500000|100%| O|  |TAMS 0x0000000080500000, 0x0000000080400000| Untracked 
|   5|0x0000000080500000, 0x0000000080600000, 0x0000000080600000|100%| O|  |TAMS 0x0000000080600000, 0x0000000080500000| Untracked 
|   6|0x0000000080600000, 0x0000000080700000, 0x0000000080700000|100%| O|  |TAMS 0x0000000080700000, 0x0000000080600000| Untracked 
|   7|0x0000000080700000, 0x0000000080800000, 0x0000000080800000|100%|HS|  |TAMS 0x0000000080800000, 0x0000000080700000| Complete 
|   8|0x0000000080800000, 0x0000000080900000, 0x0000000080900000|100%| O|  |TAMS 0x0000000080900000, 0x0000000080800000| Untracked 
|   9|0x0000000080900000, 0x0000000080a00000, 0x0000000080a00000|100%| O|  |TAMS 0x0000000080a00000, 0x0000000080900000| Untracked 
|  10|0x0000000080a00000, 0x0000000080b00000, 0x0000000080b00000|100%| O|  |TAMS 0x0000000080b00000, 0x0000000080a00000| Untracked 
|  11|0x0000000080b00000, 0x0000000080c00000, 0x0000000080c00000|100%| O|  |TAMS 0x0000000080c00000, 0x0000000080b00000| Untracked 
|  12|0x0000000080c00000, 0x0000000080d00000, 0x0000000080d00000|100%| O|  |TAMS 0x0000000080d00000, 0x0000000080c00000| Untracked 
|  13|0x0000000080d00000, 0x0000000080e00000, 0x0000000080e00000|100%| O|  |TAMS 0x0000000080e00000, 0x0000000080d00000| Untracked 
|  14|0x0000000080e00000, 0x0000000080f00000, 0x0000000080f00000|100%| O|  |TAMS 0x0000000080f00000, 0x0000000080e00000| Untracked 
|  15|0x0000000080f00000, 0x0000000081000000, 0x0000000081000000|100%| O|  |TAMS 0x0000000081000000, 0x0000000080f00000| Untracked 
|  16|0x0000000081000000, 0x0000000081100000, 0x0000000081100000|100%| O|  |TAMS 0x0000000081100000, 0x0000000081000000| Untracked 
|  17|0x0000000081100000, 0x0000000081200000, 0x0000000081200000|100%| O|  |TAMS 0x0000000081200000, 0x0000000081100000| Untracked 
|  18|0x0000000081200000, 0x0000000081300000, 0x0000000081300000|100%| O|  |TAMS 0x0000000081300000, 0x0000000081200000| Untracked 
|  19|0x0000000081300000, 0x0000000081400000, 0x0000000081400000|100%| O|  |TAMS 0x0000000081400000, 0x0000000081300000| Untracked 
|  20|0x0000000081400000, 0x0000000081500000, 0x0000000081500000|100%| O|  |TAMS 0x0000000081500000, 0x0000000081400000| Untracked 
|  21|0x0000000081500000, 0x0000000081600000, 0x0000000081600000|100%| O|  |TAMS 0x0000000081600000, 0x0000000081500000| Untracked 
|  22|0x0000000081600000, 0x0000000081700000, 0x0000000081700000|100%| O|  |TAMS 0x0000000081700000, 0x0000000081600000| Untracked 
|  23|0x0000000081700000, 0x0000000081800000, 0x0000000081800000|100%| O|  |TAMS 0x0000000081800000, 0x0000000081700000| Untracked 
|  24|0x0000000081800000, 0x0000000081900000, 0x0000000081900000|100%| O|  |TAMS 0x0000000081900000, 0x0000000081800000| Untracked 
|  25|0x0000000081900000, 0x0000000081a00000, 0x0000000081a00000|100%| O|  |TAMS 0x0000000081a00000, 0x0000000081900000| Untracked 
|  26|0x0000000081a00000, 0x0000000081b00000, 0x0000000081b00000|100%| O|  |TAMS 0x0000000081b00000, 0x0000000081a00000| Untracked 
|  27|0x0000000081b00000, 0x0000000081c00000, 0x0000000081c00000|100%| O|  |TAMS 0x0000000081c00000, 0x0000000081b00000| Untracked 
|  28|0x0000000081c00000, 0x0000000081d00000, 0x0000000081d00000|100%| O|  |TAMS 0x0000000081d00000, 0x0000000081c00000| Untracked 
|  29|0x0000000081d00000, 0x0000000081e00000, 0x0000000081e00000|100%| O|  |TAMS 0x0000000081e00000, 0x0000000081d00000| Untracked 
|  30|0x0000000081e00000, 0x0000000081f00000, 0x0000000081f00000|100%| O|  |TAMS 0x0000000081f00000, 0x0000000081e00000| Untracked 
|  31|0x0000000081f00000, 0x0000000082000000, 0x0000000082000000|100%| O|  |TAMS 0x0000000082000000, 0x0000000081f00000| Untracked 
|  32|0x0000000082000000, 0x0000000082100000, 0x0000000082100000|100%| O|  |TAMS 0x0000000082100000, 0x0000000082000000| Untracked 
|  33|0x0000000082100000, 0x0000000082200000, 0x0000000082200000|100%| O|  |TAMS 0x0000000082200000, 0x0000000082100000| Untracked 
|  34|0x0000000082200000, 0x0000000082300000, 0x0000000082300000|100%| O|  |TAMS 0x0000000082300000, 0x0000000082200000| Untracked 
|  35|0x0000000082300000, 0x0000000082400000, 0x0000000082400000|100%| O|  |TAMS 0x0000000082400000, 0x0000000082300000| Untracked 
|  36|0x0000000082400000, 0x0000000082500000, 0x0000000082500000|100%| O|  |TAMS 0x0000000082500000, 0x0000000082400000| Untracked 
|  37|0x0000000082500000, 0x0000000082600000, 0x0000000082600000|100%| O|  |TAMS 0x0000000082600000, 0x0000000082500000| Untracked 
|  38|0x0000000082600000, 0x0000000082700000, 0x0000000082700000|100%| O|  |TAMS 0x0000000082700000, 0x0000000082600000| Untracked 
|  39|0x0000000082700000, 0x0000000082800000, 0x0000000082800000|100%| O|  |TAMS 0x0000000082800000, 0x0000000082700000| Untracked 
|  40|0x0000000082800000, 0x0000000082900000, 0x0000000082900000|100%| O|  |TAMS 0x0000000082900000, 0x0000000082800000| Untracked 
|  41|0x0000000082900000, 0x0000000082a00000, 0x0000000082a00000|100%|HS|  |TAMS 0x0000000082a00000, 0x0000000082900000| Complete 
|  42|0x0000000082a00000, 0x0000000082b00000, 0x0000000082b00000|100%| O|  |TAMS 0x0000000082b00000, 0x0000000082a00000| Untracked 
|  43|0x0000000082b00000, 0x0000000082c00000, 0x0000000082c00000|100%|HS|  |TAMS 0x0000000082c00000, 0x0000000082b00000| Complete 
|  44|0x0000000082c00000, 0x0000000082d00000, 0x0000000082d00000|100%|HC|  |TAMS 0x0000000082d00000, 0x0000000082c00000| Complete 
|  45|0x0000000082d00000, 0x0000000082e00000, 0x0000000082e00000|100%|HC|  |TAMS 0x0000000082e00000, 0x0000000082d00000| Complete 
|  46|0x0000000082e00000, 0x0000000082f00000, 0x0000000082f00000|100%|HS|  |TAMS 0x0000000082f00000, 0x0000000082e00000| Complete 
|  47|0x0000000082f00000, 0x0000000083000000, 0x0000000083000000|100%|HC|  |TAMS 0x0000000083000000, 0x0000000082f00000| Complete 
|  48|0x0000000083000000, 0x0000000083100000, 0x0000000083100000|100%|HC|  |TAMS 0x0000000083100000, 0x0000000083000000| Complete 
|  49|0x0000000083100000, 0x0000000083200000, 0x0000000083200000|100%| O|  |TAMS 0x0000000083200000, 0x0000000083100000| Untracked 
|  50|0x0000000083200000, 0x0000000083300000, 0x0000000083300000|100%| O|  |TAMS 0x0000000083300000, 0x0000000083200000| Untracked 
|  51|0x0000000083300000, 0x0000000083400000, 0x0000000083400000|100%| O|  |TAMS 0x0000000083400000, 0x0000000083300000| Untracked 
|  52|0x0000000083400000, 0x0000000083500000, 0x0000000083500000|100%| O|  |TAMS 0x0000000083500000, 0x0000000083400000| Untracked 
|  53|0x0000000083500000, 0x0000000083600000, 0x0000000083600000|100%| O|  |TAMS 0x0000000083600000, 0x0000000083500000| Untracked 
|  54|0x0000000083600000, 0x0000000083700000, 0x0000000083700000|100%| O|  |TAMS 0x0000000083700000, 0x0000000083600000| Untracked 
|  55|0x0000000083700000, 0x0000000083800000, 0x0000000083800000|100%| O|  |TAMS 0x0000000083800000, 0x0000000083700000| Untracked 
|  56|0x0000000083800000, 0x0000000083900000, 0x0000000083900000|100%| O|  |TAMS 0x0000000083900000, 0x0000000083800000| Untracked 
|  57|0x0000000083900000, 0x0000000083a00000, 0x0000000083a00000|100%| O|  |TAMS 0x0000000083a00000, 0x0000000083900000| Untracked 
|  58|0x0000000083a00000, 0x0000000083b00000, 0x0000000083b00000|100%| O|  |TAMS 0x0000000083b00000, 0x0000000083a00000| Untracked 
|  59|0x0000000083b00000, 0x0000000083c00000, 0x0000000083c00000|100%| O|  |TAMS 0x0000000083c00000, 0x0000000083b00000| Untracked 
|  60|0x0000000083c00000, 0x0000000083d00000, 0x0000000083d00000|100%| O|  |TAMS 0x0000000083d00000, 0x0000000083c00000| Untracked 
|  61|0x0000000083d00000, 0x0000000083e00000, 0x0000000083e00000|100%| O|  |TAMS 0x0000000083e00000, 0x0000000083d00000| Untracked 
|  62|0x0000000083e00000, 0x0000000083f00000, 0x0000000083f00000|100%| O|  |TAMS 0x0000000083f00000, 0x0000000083e00000| Untracked 
|  63|0x0000000083f00000, 0x0000000084000000, 0x0000000084000000|100%| O|  |TAMS 0x0000000084000000, 0x0000000083f00000| Untracked 
|  64|0x0000000084000000, 0x0000000084100000, 0x0000000084100000|100%| O|  |TAMS 0x0000000084100000, 0x0000000084000000| Untracked 
|  65|0x0000000084100000, 0x0000000084200000, 0x0000000084200000|100%| O|  |TAMS 0x0000000084200000, 0x0000000084100000| Untracked 
|  66|0x0000000084200000, 0x0000000084300000, 0x0000000084300000|100%| O|  |TAMS 0x0000000084300000, 0x0000000084200000| Untracked 
|  67|0x0000000084300000, 0x0000000084400000, 0x0000000084400000|100%| O|  |TAMS 0x0000000084400000, 0x0000000084300000| Untracked 
|  68|0x0000000084400000, 0x0000000084500000, 0x0000000084500000|100%| O|  |TAMS 0x0000000084500000, 0x0000000084400000| Untracked 
|  69|0x0000000084500000, 0x0000000084600000, 0x0000000084600000|100%| O|  |TAMS 0x0000000084600000, 0x0000000084500000| Untracked 
|  70|0x0000000084600000, 0x0000000084700000, 0x0000000084700000|100%| O|  |TAMS 0x0000000084700000, 0x0000000084600000| Untracked 
|  71|0x0000000084700000, 0x0000000084800000, 0x0000000084800000|100%| O|  |TAMS 0x0000000084800000, 0x0000000084700000| Untracked 
|  72|0x0000000084800000, 0x0000000084900000, 0x0000000084900000|100%|HS|  |TAMS 0x0000000084900000, 0x0000000084800000| Complete 
|  73|0x0000000084900000, 0x0000000084a00000, 0x0000000084a00000|100%|HS|  |TAMS 0x0000000084a00000, 0x0000000084900000| Complete 
|  74|0x0000000084a00000, 0x0000000084b00000, 0x0000000084b00000|100%|HS|  |TAMS 0x0000000084b00000, 0x0000000084a00000| Complete 
|  75|0x0000000084b00000, 0x0000000084c00000, 0x0000000084c00000|100%|HS|  |TAMS 0x0000000084c00000, 0x0000000084b00000| Complete 
|  76|0x0000000084c00000, 0x0000000084d00000, 0x0000000084d00000|100%|HS|  |TAMS 0x0000000084d00000, 0x0000000084c00000| Complete 
|  77|0x0000000084d00000, 0x0000000084e00000, 0x0000000084e00000|100%| O|  |TAMS 0x0000000084e00000, 0x0000000084d00000| Untracked 
|  78|0x0000000084e00000, 0x0000000084f00000, 0x0000000084f00000|100%|HS|  |TAMS 0x0000000084f00000, 0x0000000084e00000| Complete 
|  79|0x0000000084f00000, 0x0000000085000000, 0x0000000085000000|100%|HS|  |TAMS 0x0000000085000000, 0x0000000084f00000| Complete 
|  80|0x0000000085000000, 0x0000000085100000, 0x0000000085100000|100%| O|  |TAMS 0x0000000085100000, 0x0000000085000000| Untracked 
|  81|0x0000000085100000, 0x0000000085200000, 0x0000000085200000|100%| O|  |TAMS 0x0000000085200000, 0x0000000085100000| Untracked 
|  82|0x0000000085200000, 0x0000000085300000, 0x0000000085300000|100%| O|  |TAMS 0x0000000085300000, 0x0000000085200000| Untracked 
|  83|0x0000000085300000, 0x0000000085400000, 0x0000000085400000|100%| O|  |TAMS 0x0000000085400000, 0x0000000085300000| Untracked 
|  84|0x0000000085400000, 0x0000000085500000, 0x0000000085500000|100%|HS|  |TAMS 0x0000000085500000, 0x0000000085400000| Complete 
|  85|0x0000000085500000, 0x0000000085600000, 0x0000000085600000|100%|HC|  |TAMS 0x0000000085600000, 0x0000000085500000| Complete 
|  86|0x0000000085600000, 0x0000000085700000, 0x0000000085700000|100%|HC|  |TAMS 0x0000000085700000, 0x0000000085600000| Complete 
|  87|0x0000000085700000, 0x0000000085800000, 0x0000000085800000|100%|HS|  |TAMS 0x0000000085800000, 0x0000000085700000| Complete 
|  88|0x0000000085800000, 0x0000000085900000, 0x0000000085900000|100%| O|  |TAMS 0x0000000085900000, 0x0000000085800000| Untracked 
|  89|0x0000000085900000, 0x0000000085a00000, 0x0000000085a00000|100%| O|  |TAMS 0x0000000085a00000, 0x0000000085900000| Untracked 
|  90|0x0000000085a00000, 0x0000000085b00000, 0x0000000085b00000|100%| O|  |TAMS 0x0000000085b00000, 0x0000000085a00000| Untracked 
|  91|0x0000000085b00000, 0x0000000085c00000, 0x0000000085c00000|100%| O|  |TAMS 0x0000000085c00000, 0x0000000085b00000| Untracked 
|  92|0x0000000085c00000, 0x0000000085d00000, 0x0000000085d00000|100%| O|  |TAMS 0x0000000085d00000, 0x0000000085c00000| Untracked 
|  93|0x0000000085d00000, 0x0000000085e00000, 0x0000000085e00000|100%| O|  |TAMS 0x0000000085e00000, 0x0000000085d00000| Untracked 
|  94|0x0000000085e00000, 0x0000000085f00000, 0x0000000085f00000|100%| O|  |TAMS 0x0000000085f00000, 0x0000000085e00000| Untracked 
|  95|0x0000000085f00000, 0x0000000086000000, 0x0000000086000000|100%| O|  |TAMS 0x0000000086000000, 0x0000000085f00000| Untracked 
|  96|0x0000000086000000, 0x0000000086100000, 0x0000000086100000|100%| O|  |TAMS 0x0000000086100000, 0x0000000086000000| Untracked 
|  97|0x0000000086100000, 0x0000000086200000, 0x0000000086200000|100%| O|  |TAMS 0x0000000086200000, 0x0000000086100000| Untracked 
|  98|0x0000000086200000, 0x0000000086300000, 0x0000000086300000|100%| O|  |TAMS 0x0000000086300000, 0x0000000086200000| Untracked 
|  99|0x0000000086300000, 0x0000000086400000, 0x0000000086400000|100%| O|  |TAMS 0x0000000086400000, 0x0000000086300000| Untracked 
| 100|0x0000000086400000, 0x0000000086500000, 0x0000000086500000|100%| O|  |TAMS 0x0000000086500000, 0x0000000086400000| Untracked 
| 101|0x0000000086500000, 0x0000000086600000, 0x0000000086600000|100%| O|  |TAMS 0x0000000086600000, 0x0000000086500000| Untracked 
| 102|0x0000000086600000, 0x0000000086700000, 0x0000000086700000|100%| O|  |TAMS 0x0000000086700000, 0x0000000086600000| Untracked 
| 103|0x0000000086700000, 0x0000000086800000, 0x0000000086800000|100%| O|  |TAMS 0x0000000086800000, 0x0000000086700000| Untracked 
| 104|0x0000000086800000, 0x0000000086900000, 0x0000000086900000|100%| O|  |TAMS 0x0000000086900000, 0x0000000086800000| Untracked 
| 105|0x0000000086900000, 0x0000000086a00000, 0x0000000086a00000|100%| O|  |TAMS 0x0000000086a00000, 0x0000000086900000| Untracked 
| 106|0x0000000086a00000, 0x0000000086b00000, 0x0000000086b00000|100%| O|  |TAMS 0x0000000086b00000, 0x0000000086a00000| Untracked 
| 107|0x0000000086b00000, 0x0000000086c00000, 0x0000000086c00000|100%| O|  |TAMS 0x0000000086c00000, 0x0000000086b00000| Untracked 
| 108|0x0000000086c00000, 0x0000000086d00000, 0x0000000086d00000|100%| O|  |TAMS 0x0000000086d00000, 0x0000000086c00000| Untracked 
| 109|0x0000000086d00000, 0x0000000086e00000, 0x0000000086e00000|100%| O|  |TAMS 0x0000000086e00000, 0x0000000086d00000| Untracked 
| 110|0x0000000086e00000, 0x0000000086f00000, 0x0000000086f00000|100%| O|  |TAMS 0x0000000086f00000, 0x0000000086e00000| Untracked 
| 111|0x0000000086f00000, 0x0000000087000000, 0x0000000087000000|100%| O|  |TAMS 0x0000000087000000, 0x0000000086f00000| Untracked 
| 112|0x0000000087000000, 0x0000000087100000, 0x0000000087100000|100%| O|  |TAMS 0x0000000087100000, 0x0000000087000000| Untracked 
| 113|0x0000000087100000, 0x0000000087200000, 0x0000000087200000|100%| O|  |TAMS 0x0000000087200000, 0x0000000087100000| Untracked 
| 114|0x0000000087200000, 0x0000000087300000, 0x0000000087300000|100%| O|  |TAMS 0x0000000087300000, 0x0000000087200000| Untracked 
| 115|0x0000000087300000, 0x0000000087400000, 0x0000000087400000|100%| O|  |TAMS 0x0000000087400000, 0x0000000087300000| Untracked 
| 116|0x0000000087400000, 0x0000000087500000, 0x0000000087500000|100%| O|  |TAMS 0x0000000087500000, 0x0000000087400000| Untracked 
| 117|0x0000000087500000, 0x0000000087600000, 0x0000000087600000|100%| O|  |TAMS 0x0000000087600000, 0x0000000087500000| Untracked 
| 118|0x0000000087600000, 0x0000000087700000, 0x0000000087700000|100%| O|  |TAMS 0x0000000087700000, 0x0000000087600000| Untracked 
| 119|0x0000000087700000, 0x0000000087800000, 0x0000000087800000|100%| O|  |TAMS 0x0000000087800000, 0x0000000087700000| Untracked 
| 120|0x0000000087800000, 0x0000000087900000, 0x0000000087900000|100%| O|  |TAMS 0x0000000087900000, 0x0000000087800000| Untracked 
| 121|0x0000000087900000, 0x0000000087a00000, 0x0000000087a00000|100%| O|  |TAMS 0x0000000087a00000, 0x0000000087900000| Untracked 
| 122|0x0000000087a00000, 0x0000000087b00000, 0x0000000087b00000|100%| O|  |TAMS 0x0000000087b00000, 0x0000000087a00000| Untracked 
| 123|0x0000000087b00000, 0x0000000087c00000, 0x0000000087c00000|100%| O|  |TAMS 0x0000000087c00000, 0x0000000087b00000| Untracked 
| 124|0x0000000087c00000, 0x0000000087d00000, 0x0000000087d00000|100%| O|  |TAMS 0x0000000087d00000, 0x0000000087c00000| Untracked 
| 125|0x0000000087d00000, 0x0000000087e00000, 0x0000000087e00000|100%| O|  |TAMS 0x0000000087e00000, 0x0000000087d00000| Untracked 
| 126|0x0000000087e00000, 0x0000000087f00000, 0x0000000087f00000|100%| O|  |TAMS 0x0000000087f00000, 0x0000000087e00000| Untracked 
| 127|0x0000000087f00000, 0x0000000088000000, 0x0000000088000000|100%| O|  |TAMS 0x0000000088000000, 0x0000000087f00000| Untracked 
| 128|0x0000000088000000, 0x0000000088100000, 0x0000000088100000|100%| O|  |TAMS 0x0000000088100000, 0x0000000088000000| Untracked 
| 129|0x0000000088100000, 0x0000000088200000, 0x0000000088200000|100%| O|  |TAMS 0x0000000088200000, 0x0000000088100000| Untracked 
| 130|0x0000000088200000, 0x0000000088300000, 0x0000000088300000|100%| O|  |TAMS 0x0000000088300000, 0x0000000088200000| Untracked 
| 131|0x0000000088300000, 0x0000000088400000, 0x0000000088400000|100%| O|  |TAMS 0x0000000088400000, 0x0000000088300000| Untracked 
| 132|0x0000000088400000, 0x0000000088500000, 0x0000000088500000|100%| O|  |TAMS 0x0000000088500000, 0x0000000088400000| Untracked 
| 133|0x0000000088500000, 0x0000000088600000, 0x0000000088600000|100%| O|  |TAMS 0x0000000088600000, 0x0000000088500000| Untracked 
| 134|0x0000000088600000, 0x0000000088700000, 0x0000000088700000|100%| O|  |TAMS 0x0000000088700000, 0x0000000088600000| Untracked 
| 135|0x0000000088700000, 0x0000000088800000, 0x0000000088800000|100%| O|  |TAMS 0x0000000088800000, 0x0000000088700000| Untracked 
| 136|0x0000000088800000, 0x0000000088900000, 0x0000000088900000|100%| O|  |TAMS 0x0000000088900000, 0x0000000088800000| Untracked 
| 137|0x0000000088900000, 0x0000000088a00000, 0x0000000088a00000|100%| O|  |TAMS 0x0000000088a00000, 0x0000000088900000| Untracked 
| 138|0x0000000088a00000, 0x0000000088b00000, 0x0000000088b00000|100%|HS|  |TAMS 0x0000000088b00000, 0x0000000088a00000| Complete 
| 139|0x0000000088b00000, 0x0000000088c00000, 0x0000000088c00000|100%|HS|  |TAMS 0x0000000088c00000, 0x0000000088b00000| Complete 
| 140|0x0000000088c00000, 0x0000000088d00000, 0x0000000088d00000|100%| O|  |TAMS 0x0000000088d00000, 0x0000000088c00000| Untracked 
| 141|0x0000000088d00000, 0x0000000088e00000, 0x0000000088e00000|100%|HS|  |TAMS 0x0000000088e00000, 0x0000000088d00000| Complete 
| 142|0x0000000088e00000, 0x0000000088f00000, 0x0000000088f00000|100%|HC|  |TAMS 0x0000000088f00000, 0x0000000088e00000| Complete 
| 143|0x0000000088f00000, 0x0000000089000000, 0x0000000089000000|100%| O|  |TAMS 0x0000000089000000, 0x0000000088f00000| Untracked 
| 144|0x0000000089000000, 0x0000000089100000, 0x0000000089100000|100%| O|  |TAMS 0x0000000089100000, 0x0000000089000000| Untracked 
| 145|0x0000000089100000, 0x0000000089200000, 0x0000000089200000|100%| O|  |TAMS 0x0000000089200000, 0x0000000089100000| Untracked 
| 146|0x0000000089200000, 0x0000000089300000, 0x0000000089300000|100%| O|  |TAMS 0x0000000089300000, 0x0000000089200000| Untracked 
| 147|0x0000000089300000, 0x0000000089400000, 0x0000000089400000|100%| O|  |TAMS 0x0000000089400000, 0x0000000089300000| Untracked 
| 148|0x0000000089400000, 0x0000000089500000, 0x0000000089500000|100%| O|  |TAMS 0x0000000089500000, 0x0000000089400000| Untracked 
| 149|0x0000000089500000, 0x0000000089600000, 0x0000000089600000|100%| O|  |TAMS 0x0000000089600000, 0x0000000089500000| Untracked 
| 150|0x0000000089600000, 0x0000000089700000, 0x0000000089700000|100%| O|  |TAMS 0x0000000089700000, 0x0000000089600000| Untracked 
| 151|0x0000000089700000, 0x0000000089800000, 0x0000000089800000|100%| O|  |TAMS 0x0000000089800000, 0x0000000089700000| Untracked 
| 152|0x0000000089800000, 0x0000000089900000, 0x0000000089900000|100%| O|  |TAMS 0x0000000089900000, 0x0000000089800000| Untracked 
| 153|0x0000000089900000, 0x0000000089a00000, 0x0000000089a00000|100%| O|  |TAMS 0x0000000089a00000, 0x0000000089900000| Untracked 
| 154|0x0000000089a00000, 0x0000000089b00000, 0x0000000089b00000|100%| O|  |TAMS 0x0000000089b00000, 0x0000000089a00000| Untracked 
| 155|0x0000000089b00000, 0x0000000089c00000, 0x0000000089c00000|100%| O|  |TAMS 0x0000000089c00000, 0x0000000089b00000| Untracked 
| 156|0x0000000089c00000, 0x0000000089d00000, 0x0000000089d00000|100%| O|  |TAMS 0x0000000089d00000, 0x0000000089c00000| Untracked 
| 157|0x0000000089d00000, 0x0000000089e00000, 0x0000000089e00000|100%| O|  |TAMS 0x0000000089e00000, 0x0000000089d00000| Untracked 
| 158|0x0000000089e00000, 0x0000000089f00000, 0x0000000089f00000|100%| O|  |TAMS 0x0000000089f00000, 0x0000000089e00000| Untracked 
| 159|0x0000000089f00000, 0x000000008a000000, 0x000000008a000000|100%| O|  |TAMS 0x000000008a000000, 0x0000000089f00000| Untracked 
| 160|0x000000008a000000, 0x000000008a100000, 0x000000008a100000|100%| O|  |TAMS 0x000000008a100000, 0x000000008a000000| Untracked 
| 161|0x000000008a100000, 0x000000008a200000, 0x000000008a200000|100%| O|  |TAMS 0x000000008a200000, 0x000000008a100000| Untracked 
| 162|0x000000008a200000, 0x000000008a300000, 0x000000008a300000|100%| O|  |TAMS 0x000000008a300000, 0x000000008a200000| Untracked 
| 163|0x000000008a300000, 0x000000008a400000, 0x000000008a400000|100%| O|  |TAMS 0x000000008a400000, 0x000000008a300000| Untracked 
| 164|0x000000008a400000, 0x000000008a500000, 0x000000008a500000|100%| O|  |TAMS 0x000000008a500000, 0x000000008a400000| Untracked 
| 165|0x000000008a500000, 0x000000008a600000, 0x000000008a600000|100%| O|  |TAMS 0x000000008a600000, 0x000000008a500000| Untracked 
| 166|0x000000008a600000, 0x000000008a700000, 0x000000008a700000|100%| O|  |TAMS 0x000000008a700000, 0x000000008a600000| Untracked 
| 167|0x000000008a700000, 0x000000008a800000, 0x000000008a800000|100%| O|  |TAMS 0x000000008a800000, 0x000000008a700000| Untracked 
| 168|0x000000008a800000, 0x000000008a900000, 0x000000008a900000|100%| O|  |TAMS 0x000000008a900000, 0x000000008a800000| Untracked 
| 169|0x000000008a900000, 0x000000008aa00000, 0x000000008aa00000|100%| O|  |TAMS 0x000000008aa00000, 0x000000008a900000| Untracked 
| 170|0x000000008aa00000, 0x000000008ab00000, 0x000000008ab00000|100%| O|  |TAMS 0x000000008ab00000, 0x000000008aa00000| Untracked 
| 171|0x000000008ab00000, 0x000000008ac00000, 0x000000008ac00000|100%| O|  |TAMS 0x000000008ac00000, 0x000000008ab00000| Untracked 
| 172|0x000000008ac00000, 0x000000008ad00000, 0x000000008ad00000|100%| O|  |TAMS 0x000000008ad00000, 0x000000008ac00000| Untracked 
| 173|0x000000008ad00000, 0x000000008ae00000, 0x000000008ae00000|100%| O|  |TAMS 0x000000008ae00000, 0x000000008ad00000| Untracked 
| 174|0x000000008ae00000, 0x000000008af00000, 0x000000008af00000|100%| O|  |TAMS 0x000000008af00000, 0x000000008ae00000| Untracked 
| 175|0x000000008af00000, 0x000000008b000000, 0x000000008b000000|100%| O|  |TAMS 0x000000008b000000, 0x000000008af00000| Untracked 
| 176|0x000000008b000000, 0x000000008b100000, 0x000000008b100000|100%| O|  |TAMS 0x000000008b100000, 0x000000008b000000| Untracked 
| 177|0x000000008b100000, 0x000000008b200000, 0x000000008b200000|100%| O|  |TAMS 0x000000008b200000, 0x000000008b100000| Untracked 
| 178|0x000000008b200000, 0x000000008b300000, 0x000000008b300000|100%| O|  |TAMS 0x000000008b300000, 0x000000008b200000| Untracked 
| 179|0x000000008b300000, 0x000000008b400000, 0x000000008b400000|100%| O|  |TAMS 0x000000008b400000, 0x000000008b300000| Untracked 
| 180|0x000000008b400000, 0x000000008b500000, 0x000000008b500000|100%| O|  |TAMS 0x000000008b500000, 0x000000008b400000| Untracked 
| 181|0x000000008b500000, 0x000000008b600000, 0x000000008b600000|100%| O|  |TAMS 0x000000008b600000, 0x000000008b500000| Untracked 
| 182|0x000000008b600000, 0x000000008b700000, 0x000000008b700000|100%| O|  |TAMS 0x000000008b700000, 0x000000008b600000| Untracked 
| 183|0x000000008b700000, 0x000000008b800000, 0x000000008b800000|100%| O|  |TAMS 0x000000008b800000, 0x000000008b700000| Untracked 
| 184|0x000000008b800000, 0x000000008b900000, 0x000000008b900000|100%| O|  |TAMS 0x000000008b900000, 0x000000008b800000| Untracked 
| 185|0x000000008b900000, 0x000000008ba00000, 0x000000008ba00000|100%| O|  |TAMS 0x000000008ba00000, 0x000000008b900000| Untracked 
| 186|0x000000008ba00000, 0x000000008bb00000, 0x000000008bb00000|100%| O|  |TAMS 0x000000008bb00000, 0x000000008ba00000| Untracked 
| 187|0x000000008bb00000, 0x000000008bc00000, 0x000000008bc00000|100%| O|  |TAMS 0x000000008bc00000, 0x000000008bb00000| Untracked 
| 188|0x000000008bc00000, 0x000000008bd00000, 0x000000008bd00000|100%| O|  |TAMS 0x000000008bd00000, 0x000000008bc00000| Untracked 
| 189|0x000000008bd00000, 0x000000008be00000, 0x000000008be00000|100%| O|  |TAMS 0x000000008be00000, 0x000000008bd00000| Untracked 
| 190|0x000000008be00000, 0x000000008bf00000, 0x000000008bf00000|100%| O|  |TAMS 0x000000008bf00000, 0x000000008be00000| Untracked 
| 191|0x000000008bf00000, 0x000000008c000000, 0x000000008c000000|100%| O|  |TAMS 0x000000008c000000, 0x000000008bf00000| Untracked 
| 192|0x000000008c000000, 0x000000008c100000, 0x000000008c100000|100%| O|  |TAMS 0x000000008c100000, 0x000000008c000000| Untracked 
| 193|0x000000008c100000, 0x000000008c200000, 0x000000008c200000|100%| O|  |TAMS 0x000000008c100000, 0x000000008c100000| Untracked 
| 194|0x000000008c200000, 0x000000008c300000, 0x000000008c300000|100%| O|  |TAMS 0x000000008c200000, 0x000000008c200000| Untracked 
| 195|0x000000008c300000, 0x000000008c3ae200, 0x000000008c400000| 68%| O|  |TAMS 0x000000008c300000, 0x000000008c300000| Untracked 
| 196|0x000000008c400000, 0x000000008c500000, 0x000000008c500000|100%|HS|  |TAMS 0x000000008c400000, 0x000000008c400000| Complete 
| 197|0x000000008c500000, 0x000000008c600000, 0x000000008c600000|100%|HC|  |TAMS 0x000000008c500000, 0x000000008c500000| Complete 
| 198|0x000000008c600000, 0x000000008c700000, 0x000000008c700000|100%| O|  |TAMS 0x000000008c700000, 0x000000008c600000| Untracked 
| 199|0x000000008c700000, 0x000000008c800000, 0x000000008c800000|100%| O|  |TAMS 0x000000008c800000, 0x000000008c700000| Untracked 
| 200|0x000000008c800000, 0x000000008c900000, 0x000000008c900000|100%| O|  |TAMS 0x000000008c900000, 0x000000008c800000| Untracked 
| 201|0x000000008c900000, 0x000000008ca00000, 0x000000008ca00000|100%| O|  |TAMS 0x000000008ca00000, 0x000000008c900000| Untracked 
| 202|0x000000008ca00000, 0x000000008cb00000, 0x000000008cb00000|100%|HS|  |TAMS 0x000000008ca00000, 0x000000008ca00000| Complete 
| 203|0x000000008cb00000, 0x000000008cc00000, 0x000000008cc00000|100%|HC|  |TAMS 0x000000008cb00000, 0x000000008cb00000| Complete 
| 204|0x000000008cc00000, 0x000000008cd00000, 0x000000008cd00000|100%| O|  |TAMS 0x000000008cc00000, 0x000000008cc00000| Untracked 
| 205|0x000000008cd00000, 0x000000008ce00000, 0x000000008ce00000|100%| O|  |TAMS 0x000000008cd00000, 0x000000008cd00000| Untracked 
| 206|0x000000008ce00000, 0x000000008cf00000, 0x000000008cf00000|100%| O|  |TAMS 0x000000008cf00000, 0x000000008ce00000| Untracked 
| 207|0x000000008cf00000, 0x000000008d000000, 0x000000008d000000|100%| O|  |TAMS 0x000000008d000000, 0x000000008cf00000| Untracked 
| 208|0x000000008d000000, 0x000000008d100000, 0x000000008d100000|100%| O|  |TAMS 0x000000008d100000, 0x000000008d000000| Untracked 
| 209|0x000000008d100000, 0x000000008d200000, 0x000000008d200000|100%|HS|  |TAMS 0x000000008d100000, 0x000000008d100000| Complete 
| 210|0x000000008d200000, 0x000000008d300000, 0x000000008d300000|100%|HC|  |TAMS 0x000000008d200000, 0x000000008d200000| Complete 
| 211|0x000000008d300000, 0x000000008d300000, 0x000000008d400000|  0%| F|  |TAMS 0x000000008d300000, 0x000000008d300000| Untracked 
| 212|0x000000008d400000, 0x000000008d400000, 0x000000008d500000|  0%| F|  |TAMS 0x000000008d400000, 0x000000008d400000| Untracked 
| 213|0x000000008d500000, 0x000000008d500000, 0x000000008d600000|  0%| F|  |TAMS 0x000000008d500000, 0x000000008d500000| Untracked 
| 214|0x000000008d600000, 0x000000008d700000, 0x000000008d700000|100%|HS|  |TAMS 0x000000008d600000, 0x000000008d600000| Complete 
| 215|0x000000008d700000, 0x000000008d800000, 0x000000008d800000|100%|HC|  |TAMS 0x000000008d700000, 0x000000008d700000| Complete 
| 216|0x000000008d800000, 0x000000008d900000, 0x000000008d900000|100%| O|  |TAMS 0x000000008d800000, 0x000000008d800000| Untracked 
| 217|0x000000008d900000, 0x000000008da00000, 0x000000008da00000|100%| O|  |TAMS 0x000000008d900000, 0x000000008d900000| Untracked 
| 218|0x000000008da00000, 0x000000008db00000, 0x000000008db00000|100%| O|  |TAMS 0x000000008da00000, 0x000000008da00000| Untracked 
| 219|0x000000008db00000, 0x000000008dc00000, 0x000000008dc00000|100%| O|  |TAMS 0x000000008db00000, 0x000000008db00000| Untracked 
| 220|0x000000008dc00000, 0x000000008dd00000, 0x000000008dd00000|100%| O|  |TAMS 0x000000008dc00000, 0x000000008dc00000| Untracked 
| 221|0x000000008dd00000, 0x000000008de00000, 0x000000008de00000|100%| O|  |TAMS 0x000000008dd00000, 0x000000008dd00000| Untracked 
| 222|0x000000008de00000, 0x000000008df00000, 0x000000008df00000|100%| O|  |TAMS 0x000000008de00000, 0x000000008de00000| Untracked 
| 223|0x000000008df00000, 0x000000008e000000, 0x000000008e000000|100%| O|  |TAMS 0x000000008df00000, 0x000000008df00000| Untracked 
| 224|0x000000008e000000, 0x000000008e100000, 0x000000008e100000|100%| O|  |TAMS 0x000000008e000000, 0x000000008e000000| Untracked 
| 225|0x000000008e100000, 0x000000008e200000, 0x000000008e200000|100%| O|  |TAMS 0x000000008e100000, 0x000000008e100000| Untracked 
| 226|0x000000008e200000, 0x000000008e300000, 0x000000008e300000|100%| O|  |TAMS 0x000000008e200000, 0x000000008e200000| Untracked 
| 227|0x000000008e300000, 0x000000008e300000, 0x000000008e400000|  0%| F|  |TAMS 0x000000008e300000, 0x000000008e300000| Untracked 
| 228|0x000000008e400000, 0x000000008e400000, 0x000000008e500000|  0%| F|  |TAMS 0x000000008e400000, 0x000000008e400000| Untracked 
| 229|0x000000008e500000, 0x000000008e500000, 0x000000008e600000|  0%| F|  |TAMS 0x000000008e500000, 0x000000008e500000| Untracked 
| 230|0x000000008e600000, 0x000000008e600000, 0x000000008e700000|  0%| F|  |TAMS 0x000000008e600000, 0x000000008e600000| Untracked 
| 231|0x000000008e700000, 0x000000008e700000, 0x000000008e800000|  0%| F|  |TAMS 0x000000008e700000, 0x000000008e700000| Untracked 
| 232|0x000000008e800000, 0x000000008e800000, 0x000000008e900000|  0%| F|  |TAMS 0x000000008e800000, 0x000000008e800000| Untracked 
| 233|0x000000008e900000, 0x000000008e900000, 0x000000008ea00000|  0%| F|  |TAMS 0x000000008e900000, 0x000000008e900000| Untracked 
| 234|0x000000008ea00000, 0x000000008ea00000, 0x000000008eb00000|  0%| F|  |TAMS 0x000000008ea00000, 0x000000008ea00000| Untracked 
| 235|0x000000008eb00000, 0x000000008eb00000, 0x000000008ec00000|  0%| F|  |TAMS 0x000000008eb00000, 0x000000008eb00000| Untracked 
| 236|0x000000008ec00000, 0x000000008ec00000, 0x000000008ed00000|  0%| F|  |TAMS 0x000000008ec00000, 0x000000008ec00000| Untracked 
| 237|0x000000008ed00000, 0x000000008ed00000, 0x000000008ee00000|  0%| F|  |TAMS 0x000000008ed00000, 0x000000008ed00000| Untracked 
| 238|0x000000008ee00000, 0x000000008ee00000, 0x000000008ef00000|  0%| F|  |TAMS 0x000000008ee00000, 0x000000008ee00000| Untracked 
| 239|0x000000008ef00000, 0x000000008ef00000, 0x000000008f000000|  0%| F|  |TAMS 0x000000008ef00000, 0x000000008ef00000| Untracked 
| 240|0x000000008f000000, 0x000000008f000000, 0x000000008f100000|  0%| F|  |TAMS 0x000000008f000000, 0x000000008f000000| Untracked 
| 241|0x000000008f100000, 0x000000008f100000, 0x000000008f200000|  0%| F|  |TAMS 0x000000008f100000, 0x000000008f100000| Untracked 
| 242|0x000000008f200000, 0x000000008f200000, 0x000000008f300000|  0%| F|  |TAMS 0x000000008f200000, 0x000000008f200000| Untracked 
| 243|0x000000008f300000, 0x000000008f300000, 0x000000008f400000|  0%| F|  |TAMS 0x000000008f300000, 0x000000008f300000| Untracked 
| 244|0x000000008f400000, 0x000000008f400000, 0x000000008f500000|  0%| F|  |TAMS 0x000000008f400000, 0x000000008f400000| Untracked 
| 245|0x000000008f500000, 0x000000008f500000, 0x000000008f600000|  0%| F|  |TAMS 0x000000008f500000, 0x000000008f500000| Untracked 
| 246|0x000000008f600000, 0x000000008f600000, 0x000000008f700000|  0%| F|  |TAMS 0x000000008f600000, 0x000000008f600000| Untracked 
| 247|0x000000008f700000, 0x000000008f700000, 0x000000008f800000|  0%| F|  |TAMS 0x000000008f700000, 0x000000008f700000| Untracked 
| 248|0x000000008f800000, 0x000000008f800000, 0x000000008f900000|  0%| F|  |TAMS 0x000000008f800000, 0x000000008f800000| Untracked 
| 249|0x000000008f900000, 0x000000008f900000, 0x000000008fa00000|  0%| F|  |TAMS 0x000000008f900000, 0x000000008f900000| Untracked 
| 250|0x000000008fa00000, 0x000000008fa00000, 0x000000008fb00000|  0%| F|  |TAMS 0x000000008fa00000, 0x000000008fa00000| Untracked 
| 251|0x000000008fb00000, 0x000000008fb00000, 0x000000008fc00000|  0%| F|  |TAMS 0x000000008fb00000, 0x000000008fb00000| Untracked 
| 252|0x000000008fc00000, 0x000000008fc00000, 0x000000008fd00000|  0%| F|  |TAMS 0x000000008fc00000, 0x000000008fc00000| Untracked 
| 253|0x000000008fd00000, 0x000000008fd00000, 0x000000008fe00000|  0%| F|  |TAMS 0x000000008fd00000, 0x000000008fd00000| Untracked 
| 254|0x000000008fe00000, 0x000000008fe00000, 0x000000008ff00000|  0%| F|  |TAMS 0x000000008fe00000, 0x000000008fe00000| Untracked 
| 255|0x000000008ff00000, 0x000000008ff00000, 0x0000000090000000|  0%| F|  |TAMS 0x000000008ff00000, 0x000000008ff00000| Untracked 
| 256|0x0000000090000000, 0x0000000090000000, 0x0000000090100000|  0%| F|  |TAMS 0x0000000090000000, 0x0000000090000000| Untracked 
| 257|0x0000000090100000, 0x0000000090100000, 0x0000000090200000|  0%| F|  |TAMS 0x0000000090100000, 0x0000000090100000| Untracked 
| 258|0x0000000090200000, 0x0000000090300000, 0x0000000090300000|100%| O|  |TAMS 0x0000000090300000, 0x0000000090200000| Untracked 
| 259|0x0000000090300000, 0x0000000090400000, 0x0000000090400000|100%| O|  |TAMS 0x0000000090400000, 0x0000000090300000| Untracked 
| 260|0x0000000090400000, 0x0000000090500000, 0x0000000090500000|100%| O|  |TAMS 0x0000000090500000, 0x0000000090400000| Untracked 
| 261|0x0000000090500000, 0x0000000090600000, 0x0000000090600000|100%| O|  |TAMS 0x0000000090600000, 0x0000000090500000| Untracked 
| 262|0x0000000090600000, 0x0000000090700000, 0x0000000090700000|100%| O|  |TAMS 0x0000000090700000, 0x0000000090600000| Untracked 
| 263|0x0000000090700000, 0x0000000090800000, 0x0000000090800000|100%| O|  |TAMS 0x0000000090800000, 0x0000000090700000| Untracked 
| 264|0x0000000090800000, 0x0000000090900000, 0x0000000090900000|100%| O|  |TAMS 0x0000000090900000, 0x0000000090800000| Untracked 
| 265|0x0000000090900000, 0x0000000090a00000, 0x0000000090a00000|100%| O|  |TAMS 0x0000000090a00000, 0x0000000090900000| Untracked 
| 266|0x0000000090a00000, 0x0000000090b00000, 0x0000000090b00000|100%| O|  |TAMS 0x0000000090b00000, 0x0000000090a00000| Untracked 
| 267|0x0000000090b00000, 0x0000000090b00000, 0x0000000090c00000|  0%| F|  |TAMS 0x0000000090b00000, 0x0000000090b00000| Untracked 
| 268|0x0000000090c00000, 0x0000000090d00000, 0x0000000090d00000|100%|HS|  |TAMS 0x0000000090d00000, 0x0000000090c00000| Complete 
| 269|0x0000000090d00000, 0x0000000090e00000, 0x0000000090e00000|100%|HC|  |TAMS 0x0000000090e00000, 0x0000000090d00000| Complete 
| 270|0x0000000090e00000, 0x0000000090f00000, 0x0000000090f00000|100%| O|  |TAMS 0x0000000090f00000, 0x0000000090e00000| Untracked 
| 271|0x0000000090f00000, 0x0000000091000000, 0x0000000091000000|100%| O|  |TAMS 0x0000000091000000, 0x0000000090f00000| Untracked 
| 272|0x0000000091000000, 0x0000000091100000, 0x0000000091100000|100%| O|  |TAMS 0x0000000091100000, 0x0000000091000000| Untracked 
| 273|0x0000000091100000, 0x0000000091100000, 0x0000000091200000|  0%| F|  |TAMS 0x0000000091100000, 0x0000000091100000| Untracked 
| 274|0x0000000091200000, 0x0000000091200000, 0x0000000091300000|  0%| F|  |TAMS 0x0000000091200000, 0x0000000091200000| Untracked 
| 275|0x0000000091300000, 0x0000000091300000, 0x0000000091400000|  0%| F|  |TAMS 0x0000000091300000, 0x0000000091300000| Untracked 
| 276|0x0000000091400000, 0x0000000091400000, 0x0000000091500000|  0%| F|  |TAMS 0x0000000091400000, 0x0000000091400000| Untracked 
| 277|0x0000000091500000, 0x0000000091500000, 0x0000000091600000|  0%| F|  |TAMS 0x0000000091500000, 0x0000000091500000| Untracked 
| 278|0x0000000091600000, 0x0000000091600000, 0x0000000091700000|  0%| F|  |TAMS 0x0000000091600000, 0x0000000091600000| Untracked 
| 279|0x0000000091700000, 0x0000000091700000, 0x0000000091800000|  0%| F|  |TAMS 0x0000000091700000, 0x0000000091700000| Untracked 
| 280|0x0000000091800000, 0x0000000091800000, 0x0000000091900000|  0%| F|  |TAMS 0x0000000091800000, 0x0000000091800000| Untracked 
| 281|0x0000000091900000, 0x0000000091900000, 0x0000000091a00000|  0%| F|  |TAMS 0x0000000091900000, 0x0000000091900000| Untracked 
| 282|0x0000000091a00000, 0x0000000091a00000, 0x0000000091b00000|  0%| F|  |TAMS 0x0000000091a00000, 0x0000000091a00000| Untracked 
| 283|0x0000000091b00000, 0x0000000091b00000, 0x0000000091c00000|  0%| F|  |TAMS 0x0000000091b00000, 0x0000000091b00000| Untracked 
| 284|0x0000000091c00000, 0x0000000091c00000, 0x0000000091d00000|  0%| F|  |TAMS 0x0000000091c00000, 0x0000000091c00000| Untracked 
| 285|0x0000000091d00000, 0x0000000091d00000, 0x0000000091e00000|  0%| F|  |TAMS 0x0000000091d00000, 0x0000000091d00000| Untracked 
| 286|0x0000000091e00000, 0x0000000091f00000, 0x0000000091f00000|100%| O|  |TAMS 0x0000000091f00000, 0x0000000091e00000| Untracked 
| 287|0x0000000091f00000, 0x0000000092000000, 0x0000000092000000|100%| O|  |TAMS 0x0000000092000000, 0x0000000091f00000| Untracked 
| 288|0x0000000092000000, 0x0000000092100000, 0x0000000092100000|100%| O|  |TAMS 0x0000000092100000, 0x0000000092000000| Untracked 
| 289|0x0000000092100000, 0x0000000092200000, 0x0000000092200000|100%| O|  |TAMS 0x0000000092134000, 0x0000000092100000| Untracked 
| 290|0x0000000092200000, 0x0000000092300000, 0x0000000092300000|100%| O|  |TAMS 0x0000000092200000, 0x0000000092200000| Untracked 
| 291|0x0000000092300000, 0x0000000092400000, 0x0000000092400000|100%| O|  |TAMS 0x0000000092300000, 0x0000000092300000| Untracked 
| 292|0x0000000092400000, 0x0000000092500000, 0x0000000092500000|100%| O|  |TAMS 0x0000000092400000, 0x0000000092400000| Untracked 
| 293|0x0000000092500000, 0x0000000092600000, 0x0000000092600000|100%| O|  |TAMS 0x0000000092500000, 0x0000000092500000| Untracked 
| 294|0x0000000092600000, 0x0000000092700000, 0x0000000092700000|100%| O|  |TAMS 0x0000000092600000, 0x0000000092600000| Untracked 
| 295|0x0000000092700000, 0x0000000092800000, 0x0000000092800000|100%| O|  |TAMS 0x0000000092700000, 0x0000000092700000| Untracked 
| 296|0x0000000092800000, 0x0000000092800000, 0x0000000092900000|  0%| F|  |TAMS 0x0000000092800000, 0x0000000092800000| Untracked 
| 297|0x0000000092900000, 0x0000000092900000, 0x0000000092a00000|  0%| F|  |TAMS 0x0000000092900000, 0x0000000092900000| Untracked 
| 298|0x0000000092a00000, 0x0000000092a00000, 0x0000000092b00000|  0%| F|  |TAMS 0x0000000092a00000, 0x0000000092a00000| Untracked 
| 299|0x0000000092b00000, 0x0000000092b00000, 0x0000000092c00000|  0%| F|  |TAMS 0x0000000092b00000, 0x0000000092b00000| Untracked 
| 300|0x0000000092c00000, 0x0000000092c00000, 0x0000000092d00000|  0%| F|  |TAMS 0x0000000092c00000, 0x0000000092c00000| Untracked 
| 301|0x0000000092d00000, 0x0000000092d00000, 0x0000000092e00000|  0%| F|  |TAMS 0x0000000092d00000, 0x0000000092d00000| Untracked 
| 302|0x0000000092e00000, 0x0000000092e00000, 0x0000000092f00000|  0%| F|  |TAMS 0x0000000092e00000, 0x0000000092e00000| Untracked 
| 303|0x0000000092f00000, 0x0000000092f00000, 0x0000000093000000|  0%| F|  |TAMS 0x0000000092f00000, 0x0000000092f00000| Untracked 
| 304|0x0000000093000000, 0x0000000093000000, 0x0000000093100000|  0%| F|  |TAMS 0x0000000093000000, 0x0000000093000000| Untracked 
| 305|0x0000000093100000, 0x0000000093100000, 0x0000000093200000|  0%| F|  |TAMS 0x0000000093100000, 0x0000000093100000| Untracked 
| 306|0x0000000093200000, 0x0000000093200000, 0x0000000093300000|  0%| F|  |TAMS 0x0000000093200000, 0x0000000093200000| Untracked 
| 307|0x0000000093300000, 0x0000000093300000, 0x0000000093400000|  0%| F|  |TAMS 0x0000000093300000, 0x0000000093300000| Untracked 
| 308|0x0000000093400000, 0x0000000093400000, 0x0000000093500000|  0%| F|  |TAMS 0x0000000093400000, 0x0000000093400000| Untracked 
| 309|0x0000000093500000, 0x0000000093500000, 0x0000000093600000|  0%| F|  |TAMS 0x0000000093500000, 0x0000000093500000| Untracked 
| 310|0x0000000093600000, 0x0000000093600000, 0x0000000093700000|  0%| F|  |TAMS 0x0000000093600000, 0x0000000093600000| Untracked 
| 311|0x0000000093700000, 0x0000000093700000, 0x0000000093800000|  0%| F|  |TAMS 0x0000000093700000, 0x0000000093700000| Untracked 
| 312|0x0000000093800000, 0x0000000093800000, 0x0000000093900000|  0%| F|  |TAMS 0x0000000093800000, 0x0000000093800000| Untracked 
| 313|0x0000000093900000, 0x0000000093900000, 0x0000000093a00000|  0%| F|  |TAMS 0x0000000093900000, 0x0000000093900000| Untracked 
| 314|0x0000000093a00000, 0x0000000093a00000, 0x0000000093b00000|  0%| F|  |TAMS 0x0000000093a00000, 0x0000000093a00000| Untracked 
| 315|0x0000000093b00000, 0x0000000093b00000, 0x0000000093c00000|  0%| F|  |TAMS 0x0000000093b00000, 0x0000000093b00000| Untracked 
| 316|0x0000000093c00000, 0x0000000093c00000, 0x0000000093d00000|  0%| F|  |TAMS 0x0000000093c00000, 0x0000000093c00000| Untracked 
| 317|0x0000000093d00000, 0x0000000093d00000, 0x0000000093e00000|  0%| F|  |TAMS 0x0000000093d00000, 0x0000000093d00000| Untracked 
| 318|0x0000000093e00000, 0x0000000093e00000, 0x0000000093f00000|  0%| F|  |TAMS 0x0000000093e00000, 0x0000000093e00000| Untracked 
| 319|0x0000000093f00000, 0x0000000093f00000, 0x0000000094000000|  0%| F|  |TAMS 0x0000000093f00000, 0x0000000093f00000| Untracked 
| 320|0x0000000094000000, 0x0000000094000000, 0x0000000094100000|  0%| F|  |TAMS 0x0000000094000000, 0x0000000094000000| Untracked 
| 321|0x0000000094100000, 0x0000000094100000, 0x0000000094200000|  0%| F|  |TAMS 0x0000000094100000, 0x0000000094100000| Untracked 
| 322|0x0000000094200000, 0x0000000094200000, 0x0000000094300000|  0%| F|  |TAMS 0x0000000094200000, 0x0000000094200000| Untracked 
| 323|0x0000000094300000, 0x0000000094300000, 0x0000000094400000|  0%| F|  |TAMS 0x0000000094300000, 0x0000000094300000| Untracked 
| 324|0x0000000094400000, 0x0000000094400000, 0x0000000094500000|  0%| F|  |TAMS 0x0000000094400000, 0x0000000094400000| Untracked 
| 325|0x0000000094500000, 0x0000000094500000, 0x0000000094600000|  0%| F|  |TAMS 0x0000000094500000, 0x0000000094500000| Untracked 
| 326|0x0000000094600000, 0x0000000094600000, 0x0000000094700000|  0%| F|  |TAMS 0x0000000094600000, 0x0000000094600000| Untracked 
| 327|0x0000000094700000, 0x0000000094700000, 0x0000000094800000|  0%| F|  |TAMS 0x0000000094700000, 0x0000000094700000| Untracked 
| 328|0x0000000094800000, 0x0000000094800000, 0x0000000094900000|  0%| F|  |TAMS 0x0000000094800000, 0x0000000094800000| Untracked 
| 329|0x0000000094900000, 0x0000000094900000, 0x0000000094a00000|  0%| F|  |TAMS 0x0000000094900000, 0x0000000094900000| Untracked 
| 330|0x0000000094a00000, 0x0000000094a00000, 0x0000000094b00000|  0%| F|  |TAMS 0x0000000094a00000, 0x0000000094a00000| Untracked 
| 331|0x0000000094b00000, 0x0000000094b00000, 0x0000000094c00000|  0%| F|  |TAMS 0x0000000094b00000, 0x0000000094b00000| Untracked 
| 332|0x0000000094c00000, 0x0000000094c00000, 0x0000000094d00000|  0%| F|  |TAMS 0x0000000094c00000, 0x0000000094c00000| Untracked 
| 333|0x0000000094d00000, 0x0000000094d00000, 0x0000000094e00000|  0%| F|  |TAMS 0x0000000094d00000, 0x0000000094d00000| Untracked 
| 334|0x0000000094e00000, 0x0000000094e00000, 0x0000000094f00000|  0%| F|  |TAMS 0x0000000094e00000, 0x0000000094e00000| Untracked 
| 335|0x0000000094f00000, 0x0000000094f00000, 0x0000000095000000|  0%| F|  |TAMS 0x0000000094f00000, 0x0000000094f00000| Untracked 
| 336|0x0000000095000000, 0x0000000095000000, 0x0000000095100000|  0%| F|  |TAMS 0x0000000095000000, 0x0000000095000000| Untracked 
| 337|0x0000000095100000, 0x0000000095100000, 0x0000000095200000|  0%| F|  |TAMS 0x0000000095100000, 0x0000000095100000| Untracked 
| 338|0x0000000095200000, 0x0000000095200000, 0x0000000095300000|  0%| F|  |TAMS 0x0000000095200000, 0x0000000095200000| Untracked 
| 339|0x0000000095300000, 0x0000000095300000, 0x0000000095400000|  0%| F|  |TAMS 0x0000000095300000, 0x0000000095300000| Untracked 
| 340|0x0000000095400000, 0x0000000095400000, 0x0000000095500000|  0%| F|  |TAMS 0x0000000095400000, 0x0000000095400000| Untracked 
| 341|0x0000000095500000, 0x0000000095500000, 0x0000000095600000|  0%| F|  |TAMS 0x0000000095500000, 0x0000000095500000| Untracked 
| 342|0x0000000095600000, 0x0000000095600000, 0x0000000095700000|  0%| F|  |TAMS 0x0000000095600000, 0x0000000095600000| Untracked 
| 343|0x0000000095700000, 0x0000000095700000, 0x0000000095800000|  0%| F|  |TAMS 0x0000000095700000, 0x0000000095700000| Untracked 
| 344|0x0000000095800000, 0x0000000095900000, 0x0000000095900000|100%| S|CS|TAMS 0x0000000095800000, 0x0000000095800000| Complete 
| 345|0x0000000095900000, 0x0000000095a00000, 0x0000000095a00000|100%| S|CS|TAMS 0x0000000095900000, 0x0000000095900000| Complete 
| 346|0x0000000095a00000, 0x0000000095b00000, 0x0000000095b00000|100%| S|CS|TAMS 0x0000000095a00000, 0x0000000095a00000| Complete 
| 347|0x0000000095b00000, 0x0000000095c00000, 0x0000000095c00000|100%| S|CS|TAMS 0x0000000095b00000, 0x0000000095b00000| Complete 
| 348|0x0000000095c00000, 0x0000000095d00000, 0x0000000095d00000|100%| S|CS|TAMS 0x0000000095c00000, 0x0000000095c00000| Complete 
| 349|0x0000000095d00000, 0x0000000095e00000, 0x0000000095e00000|100%| S|CS|TAMS 0x0000000095d00000, 0x0000000095d00000| Complete 
| 350|0x0000000095e00000, 0x0000000095f00000, 0x0000000095f00000|100%| S|CS|TAMS 0x0000000095e00000, 0x0000000095e00000| Complete 
| 351|0x0000000095f00000, 0x0000000096000000, 0x0000000096000000|100%| S|CS|TAMS 0x0000000095f00000, 0x0000000095f00000| Complete 
| 352|0x0000000096000000, 0x0000000096100000, 0x0000000096100000|100%| S|CS|TAMS 0x0000000096000000, 0x0000000096000000| Complete 
| 353|0x0000000096100000, 0x0000000096200000, 0x0000000096200000|100%| S|CS|TAMS 0x0000000096100000, 0x0000000096100000| Complete 
| 354|0x0000000096200000, 0x0000000096300000, 0x0000000096300000|100%| S|CS|TAMS 0x0000000096200000, 0x0000000096200000| Complete 
| 355|0x0000000096300000, 0x0000000096400000, 0x0000000096400000|100%| S|CS|TAMS 0x0000000096300000, 0x0000000096300000| Complete 
| 356|0x0000000096400000, 0x0000000096500000, 0x0000000096500000|100%| S|CS|TAMS 0x0000000096400000, 0x0000000096400000| Complete 
| 357|0x0000000096500000, 0x0000000096600000, 0x0000000096600000|100%| S|CS|TAMS 0x0000000096500000, 0x0000000096500000| Complete 
| 358|0x0000000096600000, 0x0000000096600000, 0x0000000096700000|  0%| F|  |TAMS 0x0000000096600000, 0x0000000096600000| Untracked 
| 359|0x0000000096700000, 0x0000000096700000, 0x0000000096800000|  0%| F|  |TAMS 0x0000000096700000, 0x0000000096700000| Untracked 
| 360|0x0000000096800000, 0x0000000096800000, 0x0000000096900000|  0%| F|  |TAMS 0x0000000096800000, 0x0000000096800000| Untracked 
| 361|0x0000000096900000, 0x0000000096900000, 0x0000000096a00000|  0%| F|  |TAMS 0x0000000096900000, 0x0000000096900000| Untracked 
| 362|0x0000000096a00000, 0x0000000096a00000, 0x0000000096b00000|  0%| F|  |TAMS 0x0000000096a00000, 0x0000000096a00000| Untracked 
| 363|0x0000000096b00000, 0x0000000096b00000, 0x0000000096c00000|  0%| F|  |TAMS 0x0000000096b00000, 0x0000000096b00000| Untracked 
| 364|0x0000000096c00000, 0x0000000096c00000, 0x0000000096d00000|  0%| F|  |TAMS 0x0000000096c00000, 0x0000000096c00000| Untracked 
| 365|0x0000000096d00000, 0x0000000096d00000, 0x0000000096e00000|  0%| F|  |TAMS 0x0000000096d00000, 0x0000000096d00000| Untracked 
| 366|0x0000000096e00000, 0x0000000096e00000, 0x0000000096f00000|  0%| F|  |TAMS 0x0000000096e00000, 0x0000000096e00000| Untracked 
| 367|0x0000000096f00000, 0x0000000096f00000, 0x0000000097000000|  0%| F|  |TAMS 0x0000000096f00000, 0x0000000096f00000| Untracked 
| 368|0x0000000097000000, 0x0000000097000000, 0x0000000097100000|  0%| F|  |TAMS 0x0000000097000000, 0x0000000097000000| Untracked 
| 369|0x0000000097100000, 0x0000000097100000, 0x0000000097200000|  0%| F|  |TAMS 0x0000000097100000, 0x0000000097100000| Untracked 
| 370|0x0000000097200000, 0x0000000097200000, 0x0000000097300000|  0%| F|  |TAMS 0x0000000097200000, 0x0000000097200000| Untracked 
| 371|0x0000000097300000, 0x0000000097300000, 0x0000000097400000|  0%| F|  |TAMS 0x0000000097300000, 0x0000000097300000| Untracked 
| 372|0x0000000097400000, 0x0000000097400000, 0x0000000097500000|  0%| F|  |TAMS 0x0000000097400000, 0x0000000097400000| Untracked 
| 373|0x0000000097500000, 0x0000000097500000, 0x0000000097600000|  0%| F|  |TAMS 0x0000000097500000, 0x0000000097500000| Untracked 
| 374|0x0000000097600000, 0x0000000097600000, 0x0000000097700000|  0%| F|  |TAMS 0x0000000097600000, 0x0000000097600000| Untracked 
| 375|0x0000000097700000, 0x0000000097700000, 0x0000000097800000|  0%| F|  |TAMS 0x0000000097700000, 0x0000000097700000| Untracked 
| 376|0x0000000097800000, 0x0000000097800000, 0x0000000097900000|  0%| F|  |TAMS 0x0000000097800000, 0x0000000097800000| Untracked 
| 377|0x0000000097900000, 0x0000000097900000, 0x0000000097a00000|  0%| F|  |TAMS 0x0000000097900000, 0x0000000097900000| Untracked 
| 378|0x0000000097a00000, 0x0000000097a00000, 0x0000000097b00000|  0%| F|  |TAMS 0x0000000097a00000, 0x0000000097a00000| Untracked 
| 379|0x0000000097b00000, 0x0000000097b00000, 0x0000000097c00000|  0%| F|  |TAMS 0x0000000097b00000, 0x0000000097b00000| Untracked 
| 380|0x0000000097c00000, 0x0000000097c00000, 0x0000000097d00000|  0%| F|  |TAMS 0x0000000097c00000, 0x0000000097c00000| Untracked 
| 381|0x0000000097d00000, 0x0000000097d00000, 0x0000000097e00000|  0%| F|  |TAMS 0x0000000097d00000, 0x0000000097d00000| Untracked 
| 382|0x0000000097e00000, 0x0000000097e00000, 0x0000000097f00000|  0%| F|  |TAMS 0x0000000097e00000, 0x0000000097e00000| Untracked 
| 383|0x0000000097f00000, 0x0000000097f00000, 0x0000000098000000|  0%| F|  |TAMS 0x0000000097f00000, 0x0000000097f00000| Untracked 
| 384|0x0000000098000000, 0x0000000098000000, 0x0000000098100000|  0%| F|  |TAMS 0x0000000098000000, 0x0000000098000000| Untracked 
| 385|0x0000000098100000, 0x0000000098100000, 0x0000000098200000|  0%| F|  |TAMS 0x0000000098100000, 0x0000000098100000| Untracked 
| 386|0x0000000098200000, 0x0000000098200000, 0x0000000098300000|  0%| F|  |TAMS 0x0000000098200000, 0x0000000098200000| Untracked 
| 387|0x0000000098300000, 0x0000000098300000, 0x0000000098400000|  0%| F|  |TAMS 0x0000000098300000, 0x0000000098300000| Untracked 
| 388|0x0000000098400000, 0x0000000098400000, 0x0000000098500000|  0%| F|  |TAMS 0x0000000098400000, 0x0000000098400000| Untracked 
| 389|0x0000000098500000, 0x0000000098500000, 0x0000000098600000|  0%| F|  |TAMS 0x0000000098500000, 0x0000000098500000| Untracked 
| 390|0x0000000098600000, 0x0000000098600000, 0x0000000098700000|  0%| F|  |TAMS 0x0000000098600000, 0x0000000098600000| Untracked 
| 391|0x0000000098700000, 0x0000000098700000, 0x0000000098800000|  0%| F|  |TAMS 0x0000000098700000, 0x0000000098700000| Untracked 
| 392|0x0000000098800000, 0x0000000098800000, 0x0000000098900000|  0%| F|  |TAMS 0x0000000098800000, 0x0000000098800000| Untracked 
| 393|0x0000000098900000, 0x0000000098900000, 0x0000000098a00000|  0%| F|  |TAMS 0x0000000098900000, 0x0000000098900000| Untracked 
| 394|0x0000000098a00000, 0x0000000098a00000, 0x0000000098b00000|  0%| F|  |TAMS 0x0000000098a00000, 0x0000000098a00000| Untracked 
| 395|0x0000000098b00000, 0x0000000098b00000, 0x0000000098c00000|  0%| F|  |TAMS 0x0000000098b00000, 0x0000000098b00000| Untracked 
| 396|0x0000000098c00000, 0x0000000098c00000, 0x0000000098d00000|  0%| F|  |TAMS 0x0000000098c00000, 0x0000000098c00000| Untracked 
| 397|0x0000000098d00000, 0x0000000098d00000, 0x0000000098e00000|  0%| F|  |TAMS 0x0000000098d00000, 0x0000000098d00000| Untracked 
| 398|0x0000000098e00000, 0x0000000098e00000, 0x0000000098f00000|  0%| F|  |TAMS 0x0000000098e00000, 0x0000000098e00000| Untracked 
| 399|0x0000000098f00000, 0x0000000098f00000, 0x0000000099000000|  0%| F|  |TAMS 0x0000000098f00000, 0x0000000098f00000| Untracked 
| 400|0x0000000099000000, 0x0000000099000000, 0x0000000099100000|  0%| F|  |TAMS 0x0000000099000000, 0x0000000099000000| Untracked 
| 401|0x0000000099100000, 0x0000000099100000, 0x0000000099200000|  0%| F|  |TAMS 0x0000000099100000, 0x0000000099100000| Untracked 
| 402|0x0000000099200000, 0x0000000099200000, 0x0000000099300000|  0%| F|  |TAMS 0x0000000099200000, 0x0000000099200000| Untracked 
| 403|0x0000000099300000, 0x0000000099300000, 0x0000000099400000|  0%| F|  |TAMS 0x0000000099300000, 0x0000000099300000| Untracked 
| 404|0x0000000099400000, 0x0000000099400000, 0x0000000099500000|  0%| F|  |TAMS 0x0000000099400000, 0x0000000099400000| Untracked 
| 405|0x0000000099500000, 0x0000000099500000, 0x0000000099600000|  0%| F|  |TAMS 0x0000000099500000, 0x0000000099500000| Untracked 
| 406|0x0000000099600000, 0x0000000099700000, 0x0000000099700000|100%| E|  |TAMS 0x0000000099600000, 0x0000000099600000| Complete 
| 407|0x0000000099700000, 0x0000000099800000, 0x0000000099800000|100%| E|CS|TAMS 0x0000000099700000, 0x0000000099700000| Complete 
| 408|0x0000000099800000, 0x0000000099900000, 0x0000000099900000|100%| E|CS|TAMS 0x0000000099800000, 0x0000000099800000| Complete 
| 409|0x0000000099900000, 0x0000000099a00000, 0x0000000099a00000|100%| E|CS|TAMS 0x0000000099900000, 0x0000000099900000| Complete 
| 410|0x0000000099a00000, 0x0000000099b00000, 0x0000000099b00000|100%| E|CS|TAMS 0x0000000099a00000, 0x0000000099a00000| Complete 
| 411|0x0000000099b00000, 0x0000000099c00000, 0x0000000099c00000|100%| E|CS|TAMS 0x0000000099b00000, 0x0000000099b00000| Complete 
| 412|0x0000000099c00000, 0x0000000099d00000, 0x0000000099d00000|100%| E|CS|TAMS 0x0000000099c00000, 0x0000000099c00000| Complete 
| 413|0x0000000099d00000, 0x0000000099e00000, 0x0000000099e00000|100%| E|CS|TAMS 0x0000000099d00000, 0x0000000099d00000| Complete 
| 414|0x0000000099e00000, 0x0000000099f00000, 0x0000000099f00000|100%| E|CS|TAMS 0x0000000099e00000, 0x0000000099e00000| Complete 
| 415|0x0000000099f00000, 0x000000009a000000, 0x000000009a000000|100%| E|CS|TAMS 0x0000000099f00000, 0x0000000099f00000| Complete 
| 416|0x000000009a000000, 0x000000009a100000, 0x000000009a100000|100%| E|CS|TAMS 0x000000009a000000, 0x000000009a000000| Complete 
| 417|0x000000009a100000, 0x000000009a200000, 0x000000009a200000|100%| E|CS|TAMS 0x000000009a100000, 0x000000009a100000| Complete 
| 418|0x000000009a200000, 0x000000009a300000, 0x000000009a300000|100%| E|CS|TAMS 0x000000009a200000, 0x000000009a200000| Complete 
| 419|0x000000009a300000, 0x000000009a400000, 0x000000009a400000|100%| E|CS|TAMS 0x000000009a300000, 0x000000009a300000| Complete 
| 420|0x000000009a400000, 0x000000009a500000, 0x000000009a500000|100%| E|CS|TAMS 0x000000009a400000, 0x000000009a400000| Complete 
| 421|0x000000009a500000, 0x000000009a600000, 0x000000009a600000|100%| E|CS|TAMS 0x000000009a500000, 0x000000009a500000| Complete 
| 422|0x000000009a600000, 0x000000009a700000, 0x000000009a700000|100%| E|CS|TAMS 0x000000009a600000, 0x000000009a600000| Complete 
| 423|0x000000009a700000, 0x000000009a800000, 0x000000009a800000|100%| E|CS|TAMS 0x000000009a700000, 0x000000009a700000| Complete 
| 424|0x000000009a800000, 0x000000009a900000, 0x000000009a900000|100%| E|CS|TAMS 0x000000009a800000, 0x000000009a800000| Complete 
| 425|0x000000009a900000, 0x000000009aa00000, 0x000000009aa00000|100%| E|CS|TAMS 0x000000009a900000, 0x000000009a900000| Complete 
| 426|0x000000009aa00000, 0x000000009ab00000, 0x000000009ab00000|100%| E|CS|TAMS 0x000000009aa00000, 0x000000009aa00000| Complete 
| 427|0x000000009ab00000, 0x000000009ac00000, 0x000000009ac00000|100%| E|CS|TAMS 0x000000009ab00000, 0x000000009ab00000| Complete 
| 428|0x000000009ac00000, 0x000000009ad00000, 0x000000009ad00000|100%| E|CS|TAMS 0x000000009ac00000, 0x000000009ac00000| Complete 
| 429|0x000000009ad00000, 0x000000009ae00000, 0x000000009ae00000|100%| E|CS|TAMS 0x000000009ad00000, 0x000000009ad00000| Complete 
| 430|0x000000009ae00000, 0x000000009af00000, 0x000000009af00000|100%| E|CS|TAMS 0x000000009ae00000, 0x000000009ae00000| Complete 
| 431|0x000000009af00000, 0x000000009b000000, 0x000000009b000000|100%| E|CS|TAMS 0x000000009af00000, 0x000000009af00000| Complete 
| 432|0x000000009b000000, 0x000000009b100000, 0x000000009b100000|100%| E|CS|TAMS 0x000000009b000000, 0x000000009b000000| Complete 
| 433|0x000000009b100000, 0x000000009b200000, 0x000000009b200000|100%| E|CS|TAMS 0x000000009b100000, 0x000000009b100000| Complete 
| 434|0x000000009b200000, 0x000000009b300000, 0x000000009b300000|100%| E|CS|TAMS 0x000000009b200000, 0x000000009b200000| Complete 
| 435|0x000000009b300000, 0x000000009b400000, 0x000000009b400000|100%| E|CS|TAMS 0x000000009b300000, 0x000000009b300000| Complete 
| 436|0x000000009b400000, 0x000000009b500000, 0x000000009b500000|100%| E|CS|TAMS 0x000000009b400000, 0x000000009b400000| Complete 
| 437|0x000000009b500000, 0x000000009b600000, 0x000000009b600000|100%| E|CS|TAMS 0x000000009b500000, 0x000000009b500000| Complete 
| 438|0x000000009b600000, 0x000000009b700000, 0x000000009b700000|100%| E|CS|TAMS 0x000000009b600000, 0x000000009b600000| Complete 
| 439|0x000000009b700000, 0x000000009b800000, 0x000000009b800000|100%| E|CS|TAMS 0x000000009b700000, 0x000000009b700000| Complete 
| 440|0x000000009b800000, 0x000000009b900000, 0x000000009b900000|100%| E|CS|TAMS 0x000000009b800000, 0x000000009b800000| Complete 
| 441|0x000000009b900000, 0x000000009ba00000, 0x000000009ba00000|100%| E|CS|TAMS 0x000000009b900000, 0x000000009b900000| Complete 
| 442|0x000000009ba00000, 0x000000009bb00000, 0x000000009bb00000|100%| E|CS|TAMS 0x000000009ba00000, 0x000000009ba00000| Complete 
| 443|0x000000009bb00000, 0x000000009bc00000, 0x000000009bc00000|100%| E|CS|TAMS 0x000000009bb00000, 0x000000009bb00000| Complete 
| 444|0x000000009bc00000, 0x000000009bd00000, 0x000000009bd00000|100%| E|CS|TAMS 0x000000009bc00000, 0x000000009bc00000| Complete 
| 445|0x000000009bd00000, 0x000000009be00000, 0x000000009be00000|100%| E|CS|TAMS 0x000000009bd00000, 0x000000009bd00000| Complete 
| 446|0x000000009be00000, 0x000000009bf00000, 0x000000009bf00000|100%| E|CS|TAMS 0x000000009be00000, 0x000000009be00000| Complete 
| 447|0x000000009bf00000, 0x000000009c000000, 0x000000009c000000|100%| E|CS|TAMS 0x000000009bf00000, 0x000000009bf00000| Complete 
| 448|0x000000009c000000, 0x000000009c100000, 0x000000009c100000|100%| E|CS|TAMS 0x000000009c000000, 0x000000009c000000| Complete 
| 449|0x000000009c100000, 0x000000009c200000, 0x000000009c200000|100%| E|CS|TAMS 0x000000009c100000, 0x000000009c100000| Complete 
| 450|0x000000009c200000, 0x000000009c300000, 0x000000009c300000|100%| E|CS|TAMS 0x000000009c200000, 0x000000009c200000| Complete 
| 451|0x000000009c300000, 0x000000009c400000, 0x000000009c400000|100%| E|CS|TAMS 0x000000009c300000, 0x000000009c300000| Complete 
| 452|0x000000009c400000, 0x000000009c500000, 0x000000009c500000|100%| E|CS|TAMS 0x000000009c400000, 0x000000009c400000| Complete 
| 453|0x000000009c500000, 0x000000009c600000, 0x000000009c600000|100%| E|CS|TAMS 0x000000009c500000, 0x000000009c500000| Complete 
| 454|0x000000009c600000, 0x000000009c700000, 0x000000009c700000|100%| E|CS|TAMS 0x000000009c600000, 0x000000009c600000| Complete 
| 455|0x000000009c700000, 0x000000009c800000, 0x000000009c800000|100%| E|CS|TAMS 0x000000009c700000, 0x000000009c700000| Complete 
| 456|0x000000009c800000, 0x000000009c900000, 0x000000009c900000|100%| E|CS|TAMS 0x000000009c800000, 0x000000009c800000| Complete 
| 457|0x000000009c900000, 0x000000009ca00000, 0x000000009ca00000|100%| E|CS|TAMS 0x000000009c900000, 0x000000009c900000| Complete 
| 458|0x000000009ca00000, 0x000000009cb00000, 0x000000009cb00000|100%| E|CS|TAMS 0x000000009ca00000, 0x000000009ca00000| Complete 
| 459|0x000000009cb00000, 0x000000009cc00000, 0x000000009cc00000|100%| E|CS|TAMS 0x000000009cb00000, 0x000000009cb00000| Complete 
| 460|0x000000009cc00000, 0x000000009cd00000, 0x000000009cd00000|100%| E|CS|TAMS 0x000000009cc00000, 0x000000009cc00000| Complete 
| 461|0x000000009cd00000, 0x000000009ce00000, 0x000000009ce00000|100%| E|CS|TAMS 0x000000009cd00000, 0x000000009cd00000| Complete 
| 462|0x000000009ce00000, 0x000000009cf00000, 0x000000009cf00000|100%| E|CS|TAMS 0x000000009ce00000, 0x000000009ce00000| Complete 
| 463|0x000000009cf00000, 0x000000009d000000, 0x000000009d000000|100%| E|CS|TAMS 0x000000009cf00000, 0x000000009cf00000| Complete 
| 464|0x000000009d000000, 0x000000009d100000, 0x000000009d100000|100%| E|CS|TAMS 0x000000009d000000, 0x000000009d000000| Complete 

Card table byte_map: [0x0000025a71540000,0x0000025a71940000] _byte_map_base: 0x0000025a71140000

Marking Bits (Prev, Next): (CMBitMap*) 0x0000025a586a8e80, (CMBitMap*) 0x0000025a586a8ec0
 Prev Bits: [0x0000025a71d40000, 0x0000025a73d40000)
 Next Bits: [0x0000025a73d40000, 0x0000025a75d40000)

Polling page: 0x0000025a583c0000

Metaspace:

Usage:
  Non-class:    119.50 MB used.
      Class:     18.49 MB used.
       Both:    137.99 MB used.

Virtual space:
  Non-class space:      128.00 MB reserved,     120.38 MB ( 94%) committed,  2 nodes.
      Class space:      416.00 MB reserved,      19.38 MB (  5%) committed,  1 nodes.
             Both:      544.00 MB reserved,     139.75 MB ( 26%) committed. 

Chunk freelists:
   Non-Class:  7.53 MB
       Class:  12.55 MB
        Both:  20.08 MB

MaxMetaspaceSize: 512.00 MB
CompressedClassSpaceSize: 416.00 MB
Initial GC threshold: 21.00 MB
Current GC threshold: 223.44 MB
CDS: on
MetaspaceReclaimPolicy: balanced
 - commit_granule_bytes: 65536.
 - commit_granule_words: 8192.
 - virtual_space_node_default_size: 8388608.
 - enlarge_chunks_in_place: 1.
 - new_chunks_are_fully_committed: 0.
 - uncommit_free_chunks: 1.
 - use_allocation_guard: 0.
 - handle_deallocations: 1.


Internal statistics:

num_allocs_failed_limit: 9.
num_arena_births: 2648.
num_arena_deaths: 0.
num_vsnodes_births: 3.
num_vsnodes_deaths: 0.
num_space_committed: 2234.
num_space_uncommitted: 0.
num_chunks_returned_to_freelist: 9.
num_chunks_taken_from_freelist: 9312.
num_chunk_merges: 6.
num_chunk_splits: 5884.
num_chunks_enlarged: 3612.
num_inconsistent_stats: 0.

CodeHeap 'non-profiled nmethods': size=120000Kb used=11111Kb max_used=11111Kb free=108888Kb
 bounds [0x0000025a691b0000, 0x0000025a69c90000, 0x0000025a706e0000]
CodeHeap 'profiled nmethods': size=120000Kb used=41021Kb max_used=41021Kb free=78979Kb
 bounds [0x0000025a616e0000, 0x0000025a63ef0000, 0x0000025a68c10000]
CodeHeap 'non-nmethods': size=5760Kb used=1835Kb max_used=1871Kb free=3924Kb
 bounds [0x0000025a68c10000, 0x0000025a68e80000, 0x0000025a691b0000]
 total_blobs=22173 nmethods=21222 adapters=861
 compilation: enabled
              stopped_count=0, restarted_count=0
 full_count=0

Compilation events (20 events):
Event: 69.346 Thread 0x0000025a78825110 25136       2       com.sun.tools.javac.tree.TreeTranslator::visitMethodDef (102 bytes)
Event: 69.346 Thread 0x0000025a78825110 nmethod 25136 0x0000025a63ee3810 code [0x0000025a63ee3a60, 0x0000025a63ee4328]
Event: 69.346 Thread 0x0000025a78825110 25137       2       com.sun.tools.javac.tree.JCTree$JCTypeCast::accept (6 bytes)
Event: 69.347 Thread 0x0000025a78825110 nmethod 25137 0x0000025a63ee4690 code [0x0000025a63ee4820, 0x0000025a63ee4948]
Event: 69.347 Thread 0x0000025a78825110 25138       2       com.sun.tools.javac.tree.TreeMaker::QualIdent (30 bytes)
Event: 69.347 Thread 0x0000025a78825110 nmethod 25138 0x0000025a63ee4a10 code [0x0000025a63ee4c00, 0x0000025a63ee4e68]
Event: 69.349 Thread 0x0000025a78825110 25139       3       com.sun.tools.javac.jvm.PoolWriter::putName (9 bytes)
Event: 69.350 Thread 0x0000025a78825110 nmethod 25139 0x0000025a63ee5010 code [0x0000025a63ee51c0, 0x0000025a63ee5308]
Event: 69.355 Thread 0x0000025a78825110 25141       2       com.sun.tools.javac.code.DeferredCompletionFailureHandler$3::install (1 bytes)
Event: 69.355 Thread 0x0000025a78825110 nmethod 25141 0x0000025a63ee5410 code [0x0000025a63ee55a0, 0x0000025a63ee5698]
Event: 69.355 Thread 0x0000025a78825110 25142       3       com.sun.tools.javac.util.Pair::hashCode (64 bytes)
Event: 69.356 Thread 0x0000025a78825110 nmethod 25142 0x0000025a63ee5710 code [0x0000025a63ee5900, 0x0000025a63ee5e78]
Event: 69.356 Thread 0x0000025a78825110 25143       2       com.sun.tools.javac.jvm.Items$SelfItem::<init> (17 bytes)
Event: 69.356 Thread 0x0000025a78825110 nmethod 25143 0x0000025a63ee6010 code [0x0000025a63ee61a0, 0x0000025a63ee6378]
Event: 69.360 Thread 0x0000025a78825110 25144       3       com.sun.tools.javac.code.Symbol$MethodSymbol::isOverridableIn (126 bytes)
Event: 69.361 Thread 0x0000025a78825110 nmethod 25144 0x0000025a63ee6410 code [0x0000025a63ee6660, 0x0000025a63ee7388]
Event: 69.365 Thread 0x0000025a78825110 25145       2       org.gradle.internal.logging.events.RenderableOutputEvent::<init> (15 bytes)
Event: 69.365 Thread 0x0000025a78825110 nmethod 25145 0x0000025a63ee7610 code [0x0000025a63ee77a0, 0x0000025a63ee79b8]
Event: 69.420 Thread 0x0000025a78825110 25146   !   2       jdk.nio.zipfs.ZipFileSystem::close (390 bytes)
Event: 69.423 Thread 0x0000025a78825110 nmethod 25146 0x0000025a63ee7a90 code [0x0000025a63ee7f60, 0x0000025a63ee9778]

GC Heap History (20 events):
Event: 61.672 GC heap before
{Heap before GC invocations=80 (full 0):
 garbage-first heap   total 336896K, used 303331K [0x0000000080000000, 0x0000000100000000)
  region size 1024K, 16 young (16384K), 2 survivors (2048K)
 Metaspace       used 134307K, committed 135936K, reserved 557056K
  class space    used 18149K, committed 18944K, reserved 425984K
}
Event: 61.678 GC heap after
{Heap after GC invocations=81 (full 0):
 garbage-first heap   total 336896K, used 292486K [0x0000000080000000, 0x0000000100000000)
  region size 1024K, 2 young (2048K), 2 survivors (2048K)
 Metaspace       used 134307K, committed 135936K, reserved 557056K
  class space    used 18149K, committed 18944K, reserved 425984K
}
Event: 62.163 GC heap before
{Heap before GC invocations=81 (full 0):
 garbage-first heap   total 336896K, used 306822K [0x0000000080000000, 0x0000000100000000)
  region size 1024K, 16 young (16384K), 2 survivors (2048K)
 Metaspace       used 135274K, committed 136960K, reserved 557056K
  class space    used 18216K, committed 19008K, reserved 425984K
}
Event: 62.168 GC heap after
{Heap after GC invocations=82 (full 0):
 garbage-first heap   total 336896K, used 292391K [0x0000000080000000, 0x0000000100000000)
  region size 1024K, 2 young (2048K), 2 survivors (2048K)
 Metaspace       used 135274K, committed 136960K, reserved 557056K
  class space    used 18216K, committed 19008K, reserved 425984K
}
Event: 62.306 GC heap before
{Heap before GC invocations=82 (full 0):
 garbage-first heap   total 336896K, used 305703K [0x0000000080000000, 0x0000000100000000)
  region size 1024K, 16 young (16384K), 2 survivors (2048K)
 Metaspace       used 135406K, committed 137024K, reserved 557056K
  class space    used 18236K, committed 19008K, reserved 425984K
}
Event: 62.313 GC heap after
{Heap after GC invocations=83 (full 0):
 garbage-first heap   total 336896K, used 295663K [0x0000000080000000, 0x0000000100000000)
  region size 1024K, 2 young (2048K), 2 survivors (2048K)
 Metaspace       used 135406K, committed 137024K, reserved 557056K
  class space    used 18236K, committed 19008K, reserved 425984K
}
Event: 62.371 GC heap before
{Heap before GC invocations=83 (full 0):
 garbage-first heap   total 336896K, used 308975K [0x0000000080000000, 0x0000000100000000)
  region size 1024K, 16 young (16384K), 2 survivors (2048K)
 Metaspace       used 135427K, committed 137088K, reserved 557056K
  class space    used 18242K, committed 19008K, reserved 425984K
}
Event: 62.377 GC heap after
{Heap after GC invocations=84 (full 0):
 garbage-first heap   total 336896K, used 298192K [0x0000000080000000, 0x0000000100000000)
  region size 1024K, 2 young (2048K), 2 survivors (2048K)
 Metaspace       used 135427K, committed 137088K, reserved 557056K
  class space    used 18242K, committed 19008K, reserved 425984K
}
Event: 62.558 GC heap before
{Heap before GC invocations=84 (full 0):
 garbage-first heap   total 336896K, used 312528K [0x0000000080000000, 0x0000000100000000)
  region size 1024K, 16 young (16384K), 2 survivors (2048K)
 Metaspace       used 135575K, committed 137280K, reserved 557056K
  class space    used 18262K, committed 19072K, reserved 425984K
}
Event: 62.567 GC heap after
{Heap after GC invocations=85 (full 0):
 garbage-first heap   total 336896K, used 301320K [0x0000000080000000, 0x0000000100000000)
  region size 1024K, 2 young (2048K), 2 survivors (2048K)
 Metaspace       used 135575K, committed 137280K, reserved 557056K
  class space    used 18262K, committed 19072K, reserved 425984K
}
Event: 62.699 GC heap before
{Heap before GC invocations=85 (full 0):
 garbage-first heap   total 336896K, used 314632K [0x0000000080000000, 0x0000000100000000)
  region size 1024K, 16 young (16384K), 2 survivors (2048K)
 Metaspace       used 135577K, committed 137280K, reserved 557056K
  class space    used 18262K, committed 19072K, reserved 425984K
}
Event: 62.703 GC heap after
{Heap after GC invocations=86 (full 0):
 garbage-first heap   total 336896K, used 303861K [0x0000000080000000, 0x0000000100000000)
  region size 1024K, 2 young (2048K), 2 survivors (2048K)
 Metaspace       used 135577K, committed 137280K, reserved 557056K
  class space    used 18262K, committed 19072K, reserved 425984K
}
Event: 62.840 GC heap before
{Heap before GC invocations=86 (full 0):
 garbage-first heap   total 336896K, used 317173K [0x0000000080000000, 0x0000000100000000)
  region size 1024K, 16 young (16384K), 2 survivors (2048K)
 Metaspace       used 135578K, committed 137280K, reserved 557056K
  class space    used 18262K, committed 19072K, reserved 425984K
}
Event: 62.844 GC heap after
{Heap after GC invocations=87 (full 0):
 garbage-first heap   total 446464K, used 304910K [0x0000000080000000, 0x0000000100000000)
  region size 1024K, 2 young (2048K), 2 survivors (2048K)
 Metaspace       used 135578K, committed 137280K, reserved 557056K
  class space    used 18262K, committed 19072K, reserved 425984K
}
Event: 64.132 GC heap before
{Heap before GC invocations=88 (full 0):
 garbage-first heap   total 476160K, used 335630K [0x0000000080000000, 0x0000000100000000)
  region size 1024K, 55 young (56320K), 2 survivors (2048K)
 Metaspace       used 136526K, committed 138240K, reserved 557056K
  class space    used 18365K, committed 19200K, reserved 425984K
}
Event: 64.142 GC heap after
{Heap after GC invocations=89 (full 0):
 garbage-first heap   total 476160K, used 289595K [0x0000000080000000, 0x0000000100000000)
  region size 1024K, 7 young (7168K), 7 survivors (7168K)
 Metaspace       used 136526K, committed 138240K, reserved 557056K
  class space    used 18365K, committed 19200K, reserved 425984K
}
Event: 64.297 GC heap before
{Heap before GC invocations=89 (full 0):
 garbage-first heap   total 476160K, used 304955K [0x0000000080000000, 0x0000000100000000)
  region size 1024K, 23 young (23552K), 7 survivors (7168K)
 Metaspace       used 136616K, committed 138304K, reserved 557056K
  class space    used 18371K, committed 19200K, reserved 425984K
}
Event: 64.310 GC heap after
{Heap after GC invocations=90 (full 0):
 garbage-first heap   total 476160K, used 250655K [0x0000000080000000, 0x0000000100000000)
  region size 1024K, 3 young (3072K), 3 survivors (3072K)
 Metaspace       used 136616K, committed 138304K, reserved 557056K
  class space    used 18371K, committed 19200K, reserved 425984K
}
Event: 66.370 GC heap before
{Heap before GC invocations=90 (full 0):
 garbage-first heap   total 476160K, used 356127K [0x0000000080000000, 0x0000000100000000)
  region size 1024K, 107 young (109568K), 3 survivors (3072K)
 Metaspace       used 140202K, committed 141952K, reserved 557056K
  class space    used 18794K, committed 19648K, reserved 425984K
}
Event: 66.388 GC heap after
{Heap after GC invocations=91 (full 0):
 garbage-first heap   total 476160K, used 261816K [0x0000000080000000, 0x0000000100000000)
  region size 1024K, 14 young (14336K), 14 survivors (14336K)
 Metaspace       used 140202K, committed 141952K, reserved 557056K
  class space    used 18794K, committed 19648K, reserved 425984K
}

Deoptimization events (20 events):
Event: 68.266 Thread 0x0000025a7f14e330 Uncommon trap: trap_request=0xffffffc6 fr.pc=0x0000025a69508818 relative=0x0000000000000178
Event: 68.266 Thread 0x0000025a7f14e330 Uncommon trap: reason=bimorphic_or_optimized_type_check action=maybe_recompile pc=0x0000025a69508818 method=java.util.AbstractList.rangeCheckForAdd(I)V @ 6 c2
Event: 68.266 Thread 0x0000025a7f14e330 DEOPT PACKING pc=0x0000025a69508818 sp=0x000000b2f06fa100
Event: 68.266 Thread 0x0000025a7f14e330 DEOPT UNPACKING pc=0x0000025a68c623a3 sp=0x000000b2f06fa030 mode 2
Event: 68.266 Thread 0x0000025a7f14e330 Uncommon trap: trap_request=0xffffffc6 fr.pc=0x0000025a69508818 relative=0x0000000000000178
Event: 68.266 Thread 0x0000025a7f14e330 Uncommon trap: reason=bimorphic_or_optimized_type_check action=maybe_recompile pc=0x0000025a69508818 method=java.util.AbstractList.rangeCheckForAdd(I)V @ 6 c2
Event: 68.266 Thread 0x0000025a7f14e330 DEOPT PACKING pc=0x0000025a69508818 sp=0x000000b2f06fa100
Event: 68.266 Thread 0x0000025a7f14e330 DEOPT UNPACKING pc=0x0000025a68c623a3 sp=0x000000b2f06fa030 mode 2
Event: 68.275 Thread 0x0000025a7f14e330 DEOPT PACKING pc=0x0000025a63e1f23c sp=0x000000b2f06f9600
Event: 68.275 Thread 0x0000025a7f14e330 DEOPT UNPACKING pc=0x0000025a68c62b43 sp=0x000000b2f06f8b80 mode 0
Event: 68.449 Thread 0x0000025a7f14e330 DEOPT PACKING pc=0x0000025a63e1f23c sp=0x000000b2f06f91e0
Event: 68.450 Thread 0x0000025a7f14e330 DEOPT UNPACKING pc=0x0000025a68c62b43 sp=0x000000b2f06f8760 mode 0
Event: 68.674 Thread 0x0000025a7f14e330 DEOPT PACKING pc=0x0000025a63e1f23c sp=0x000000b2f06f90e0
Event: 68.674 Thread 0x0000025a7f14e330 DEOPT UNPACKING pc=0x0000025a68c62b43 sp=0x000000b2f06f8660 mode 0
Event: 68.696 Thread 0x0000025a7f14e330 DEOPT PACKING pc=0x0000025a63921b68 sp=0x000000b2f06f9260
Event: 68.696 Thread 0x0000025a7f14e330 DEOPT UNPACKING pc=0x0000025a68c62b43 sp=0x000000b2f06f86f0 mode 0
Event: 69.049 Thread 0x0000025a7f14e330 DEOPT PACKING pc=0x0000025a63926edf sp=0x000000b2f06f8a90
Event: 69.049 Thread 0x0000025a7f14e330 DEOPT UNPACKING pc=0x0000025a68c62b43 sp=0x000000b2f06f8020 mode 0
Event: 69.171 Thread 0x0000025a7f14e330 DEOPT PACKING pc=0x0000025a633dd0b9 sp=0x000000b2f06f8cc0
Event: 69.171 Thread 0x0000025a7f14e330 DEOPT UNPACKING pc=0x0000025a68c62b43 sp=0x000000b2f06f81f0 mode 0

Classes unloaded (0 events):
No events

Classes redefined (0 events):
No events

Internal exceptions (20 events):
Event: 68.190 Thread 0x0000025a245f7fd0 Exception <a 'sun/nio/fs/WindowsException'{0x000000009bbef0e8}> (0x000000009bbef0e8) 
thrown [s\open\src\hotspot\share\prims\jni.cpp, line 516]
Event: 68.203 Thread 0x0000025a7f14e330 Exception <a 'sun/nio/fs/WindowsException'{0x000000009ba55de8}> (0x000000009ba55de8) 
thrown [s\open\src\hotspot\share\prims\jni.cpp, line 516]
Event: 68.205 Thread 0x0000025a7f14e330 Exception <a 'sun/nio/fs/WindowsException'{0x000000009ba60b98}> (0x000000009ba60b98) 
thrown [s\open\src\hotspot\share\prims\jni.cpp, line 516]
Event: 68.205 Thread 0x0000025a7f14e330 Exception <a 'sun/nio/fs/WindowsException'{0x000000009ba63f70}> (0x000000009ba63f70) 
thrown [s\open\src\hotspot\share\prims\jni.cpp, line 516]
Event: 68.206 Thread 0x0000025a7f14e330 Exception <a 'sun/nio/fs/WindowsException'{0x000000009ba67150}> (0x000000009ba67150) 
thrown [s\open\src\hotspot\share\prims\jni.cpp, line 516]
Event: 68.726 Thread 0x0000025a7f14e330 Exception <a 'sun/nio/fs/WindowsException'{0x000000009b4e4378}> (0x000000009b4e4378) 
thrown [s\open\src\hotspot\share\prims\jni.cpp, line 516]
Event: 68.726 Thread 0x0000025a7f14e330 Exception <a 'sun/nio/fs/WindowsException'{0x000000009b4e4818}> (0x000000009b4e4818) 
thrown [s\open\src\hotspot\share\prims\jni.cpp, line 516]
Event: 69.305 Thread 0x0000025a7f14e330 Exception <a 'sun/nio/fs/WindowsException'{0x0000000099a51648}> (0x0000000099a51648) 
thrown [s\open\src\hotspot\share\prims\jni.cpp, line 516]
Event: 69.306 Thread 0x0000025a7f14e330 Exception <a 'sun/nio/fs/WindowsException'{0x0000000099a528e8}> (0x0000000099a528e8) 
thrown [s\open\src\hotspot\share\prims\jni.cpp, line 516]
Event: 69.306 Thread 0x0000025a7f14e330 Exception <a 'sun/nio/fs/WindowsException'{0x0000000099a53948}> (0x0000000099a53948) 
thrown [s\open\src\hotspot\share\prims\jni.cpp, line 516]
Event: 69.307 Thread 0x0000025a7f14e330 Exception <a 'sun/nio/fs/WindowsException'{0x0000000099a54bd0}> (0x0000000099a54bd0) 
thrown [s\open\src\hotspot\share\prims\jni.cpp, line 516]
Event: 69.307 Thread 0x0000025a7f14e330 Exception <a 'sun/nio/fs/WindowsException'{0x0000000099a55050}> (0x0000000099a55050) 
thrown [s\open\src\hotspot\share\prims\jni.cpp, line 516]
Event: 69.307 Thread 0x0000025a7f14e330 Exception <a 'sun/nio/fs/WindowsException'{0x0000000099a572e0}> (0x0000000099a572e0) 
thrown [s\open\src\hotspot\share\prims\jni.cpp, line 516]
Event: 69.307 Thread 0x0000025a7f14e330 Exception <a 'sun/nio/fs/WindowsException'{0x0000000099a57730}> (0x0000000099a57730) 
thrown [s\open\src\hotspot\share\prims\jni.cpp, line 516]
Event: 69.308 Thread 0x0000025a7f14e330 Exception <a 'sun/nio/fs/WindowsException'{0x0000000099a599b0}> (0x0000000099a599b0) 
thrown [s\open\src\hotspot\share\prims\jni.cpp, line 516]
Event: 69.326 Thread 0x0000025a7f14e330 Exception <a 'sun/nio/fs/WindowsException'{0x0000000099afe340}> (0x0000000099afe340) 
thrown [s\open\src\hotspot\share\prims\jni.cpp, line 516]
Event: 69.347 Thread 0x0000025a7f14e330 Exception <a 'sun/nio/fs/WindowsException'{0x00000000999a8d30}> (0x00000000999a8d30) 
thrown [s\open\src\hotspot\share\prims\jni.cpp, line 516]
Event: 69.352 Thread 0x0000025a7f14e330 Exception <a 'sun/nio/fs/WindowsException'{0x00000000999b1ef8}> (0x00000000999b1ef8) 
thrown [s\open\src\hotspot\share\prims\jni.cpp, line 516]
Event: 69.356 Thread 0x0000025a7f14e330 Exception <a 'sun/nio/fs/WindowsException'{0x00000000999b9750}> (0x00000000999b9750) 
thrown [s\open\src\hotspot\share\prims\jni.cpp, line 516]
Event: 69.361 Thread 0x0000025a7f14e330 Exception <a 'sun/nio/fs/WindowsException'{0x00000000999c6c98}> (0x00000000999c6c98) 
thrown [s\open\src\hotspot\share\prims\jni.cpp, line 516]

VM Operations (20 events):
Event: 64.719 Executing VM operation: ICBufferFull
Event: 64.720 Executing VM operation: ICBufferFull done
Event: 65.508 Executing VM operation: ICBufferFull
Event: 65.508 Executing VM operation: ICBufferFull done
Event: 66.189 Executing VM operation: ICBufferFull
Event: 66.189 Executing VM operation: ICBufferFull done
Event: 66.369 Executing VM operation: G1CollectForAllocation
Event: 66.389 Executing VM operation: G1CollectForAllocation done
Event: 66.613 Executing VM operation: HandshakeAllThreads
Event: 66.613 Executing VM operation: HandshakeAllThreads done
Event: 66.617 Executing VM operation: HandshakeAllThreads
Event: 66.617 Executing VM operation: HandshakeAllThreads done
Event: 67.631 Executing VM operation: Cleanup
Event: 67.631 Executing VM operation: Cleanup done
Event: 67.925 Executing VM operation: HandshakeAllThreads
Event: 67.926 Executing VM operation: HandshakeAllThreads done
Event: 68.054 Executing VM operation: HandshakeAllThreads
Event: 68.054 Executing VM operation: HandshakeAllThreads done
Event: 69.055 Executing VM operation: Cleanup
Event: 69.055 Executing VM operation: Cleanup done

Events (20 events):
Event: 68.136 loading class sun/rmi/server/LoaderHandler$Loader
Event: 68.136 loading class sun/rmi/server/LoaderHandler$Loader done
Event: 68.164 loading class java/rmi/server/ServerNotActiveException
Event: 68.165 loading class java/rmi/server/ServerNotActiveException done
Event: 68.170 loading class sun/rmi/transport/DGCAckHandler
Event: 68.170 loading class sun/rmi/transport/DGCAckHandler done
Event: 68.175 loading class sun/rmi/transport/DGCAckHandler$1
Event: 68.175 loading class sun/rmi/transport/DGCAckHandler$1 done
Event: 68.237 loading class sun/rmi/transport/tcp/TCPTransport$ConnectionHandler
Event: 68.237 loading class sun/rmi/transport/tcp/TCPTransport$ConnectionHandler done
Event: 68.238 Thread 0x0000025a24b92850 Thread added: 0x0000025a24b92850
Event: 68.238 Thread 0x0000025a24b92340 Thread added: 0x0000025a24b92340
Event: 68.246 loading class sun/rmi/transport/Transport$1
Event: 68.246 loading class sun/rmi/transport/Transport$1 done
Event: 68.247 loading class sun/rmi/transport/DGCImpl$LeaseInfo
Event: 68.247 loading class sun/rmi/transport/DGCImpl$LeaseInfo done
Event: 68.247 loading class sun/rmi/transport/DGCImpl$1
Event: 68.247 loading class sun/rmi/transport/DGCImpl$1 done
Event: 68.247 loading class sun/rmi/transport/SequenceEntry
Event: 68.248 loading class sun/rmi/transport/SequenceEntry done


Dynamic libraries:
0x00007ff7822a0000 - 0x00007ff7822b0000 	C:\Program Files\Java\jdk-17\bin\java.exe
0x00007ff89ce60000 - 0x00007ff89d0c6000 	C:\Windows\SYSTEM32\ntdll.dll
0x00007ff89bf00000 - 0x00007ff89bfc9000 	C:\Windows\System32\KERNEL32.DLL
0x00007ff89a780000 - 0x00007ff89ab7e000 	C:\Windows\System32\KERNELBASE.dll
0x00007ff89a1b0000 - 0x00007ff89a2fc000 	C:\Windows\System32\ucrtbase.dll
0x00007ff890f90000 - 0x00007ff890fa9000 	C:\Program Files\Java\jdk-17\bin\jli.dll
0x00007ff8878e0000 - 0x00007ff8878fb000 	C:\Program Files\Java\jdk-17\bin\VCRUNTIME140.dll
0x00007ff89c440000 - 0x00007ff89c4f7000 	C:\Windows\System32\ADVAPI32.dll
0x00007ff89c8d0000 - 0x00007ff89c979000 	C:\Windows\System32\msvcrt.dll
0x00007ff89c2b0000 - 0x00007ff89c35a000 	C:\Windows\System32\sechost.dll
0x00007ff89c500000 - 0x00007ff89c618000 	C:\Windows\System32\RPCRT4.dll
0x00007ff89ab90000 - 0x00007ff89ad57000 	C:\Windows\System32\USER32.dll
0x00007ff89a490000 - 0x00007ff89a4b7000 	C:\Windows\System32\win32u.dll
0x00007ff8837e0000 - 0x00007ff883a72000 	C:\Windows\WinSxS\amd64_microsoft.windows.common-controls_6595b64144ccf1df_6.0.26100.8875_none_3e0d5d42e32fe9dd\COMCTL32.dll
0x00007ff89ca10000 - 0x00007ff89ca3b000 	C:\Windows\System32\GDI32.dll
0x00007ff89a080000 - 0x00007ff89a1aa000 	C:\Windows\System32\gdi32full.dll
0x00007ff89a580000 - 0x00007ff89a623000 	C:\Windows\System32\msvcp_win.dll
0x00007ff891630000 - 0x00007ff89163b000 	C:\Windows\SYSTEM32\VERSION.dll
0x00007ff89ca40000 - 0x00007ff89ca72000 	C:\Windows\System32\IMM32.DLL
0x00007ff88c8f0000 - 0x00007ff88c8fc000 	C:\Program Files\Java\jdk-17\bin\vcruntime140_1.dll
0x00007ff85a260000 - 0x00007ff85a2ee000 	C:\Program Files\Java\jdk-17\bin\msvcp140.dll
0x00007fffe7f00000 - 0x00007fffe8ae0000 	C:\Program Files\Java\jdk-17\bin\server\jvm.dll
0x00007ff89ca80000 - 0x00007ff89ca88000 	C:\Windows\System32\PSAPI.DLL
0x00007ff88c410000 - 0x00007ff88c446000 	C:\Windows\SYSTEM32\WINMM.dll
0x00007ff894810000 - 0x00007ff89481a000 	C:\Windows\SYSTEM32\WSOCK32.dll
0x00007ff89c840000 - 0x00007ff89c8c0000 	C:\Windows\System32\WS2_32.dll
0x00007ff898d60000 - 0x00007ff898d7b000 	C:\Windows\SYSTEM32\kernel.appcore.dll
0x00007ff88c700000 - 0x00007ff88c70a000 	C:\Program Files\Java\jdk-17\bin\jimage.dll
0x00007ff897870000 - 0x00007ff897ab2000 	C:\Windows\SYSTEM32\DBGHELP.DLL
0x00007ff89ca90000 - 0x00007ff89ce13000 	C:\Windows\System32\combase.dll
0x00007ff89c360000 - 0x00007ff89c439000 	C:\Windows\System32\OLEAUT32.dll
0x00007ff87d440000 - 0x00007ff87d47b000 	C:\Windows\SYSTEM32\dbgcore.DLL
0x00007ff89a4c0000 - 0x00007ff89a56c000 	C:\Windows\System32\bcryptPrimitives.dll
0x00007ff884d20000 - 0x00007ff884d2e000 	C:\Program Files\Java\jdk-17\bin\instrument.dll
0x00007ff885d50000 - 0x00007ff885d75000 	C:\Program Files\Java\jdk-17\bin\java.dll
0x00007ff8392a0000 - 0x00007ff839377000 	C:\Program Files\Java\jdk-17\bin\jsvml.dll
0x00007ff89b500000 - 0x00007ff89bc92000 	C:\Windows\System32\SHELL32.dll
0x00007ff897af0000 - 0x00007ff898382000 	C:\Windows\SYSTEM32\windows.storage.dll
0x00007ff89bfd0000 - 0x00007ff89c0c7000 	C:\Windows\System32\SHCORE.dll
0x00007ff89c7d0000 - 0x00007ff89c837000 	C:\Windows\System32\shlwapi.dll
0x00007ff899fa0000 - 0x00007ff899fc9000 	C:\Windows\SYSTEM32\profapi.dll
0x00007ff885cf0000 - 0x00007ff885d08000 	C:\Program Files\Java\jdk-17\bin\zip.dll
0x00007ff8878c0000 - 0x00007ff8878d9000 	C:\Program Files\Java\jdk-17\bin\net.dll
0x00007ff892310000 - 0x00007ff892437000 	C:\Windows\SYSTEM32\WINHTTP.dll
0x00007ff899310000 - 0x00007ff89937c000 	C:\Windows\system32\mswsock.dll
0x00007ff885d10000 - 0x00007ff885d26000 	C:\Program Files\Java\jdk-17\bin\nio.dll
0x00007ff885c40000 - 0x00007ff885c50000 	C:\Program Files\Java\jdk-17\bin\verify.dll
0x00007ff88c730000 - 0x00007ff88c757000 	C:\Users\Sandipan\.gradle\native\660c5614fbf4a5f2a75b1949f50a0caf5cd603558e7d8a26e50b933a0cfb79d1\windows-amd64\native-platform.dll
0x00007ff88cc10000 - 0x00007ff88cc87000 	C:\Users\Sandipan\.gradle\native\0.2.8\x86_64-windows-gnu\gradle-fileevents.dll
0x00007ff88c060000 - 0x00007ff88c06a000 	C:\Program Files\Java\jdk-17\bin\management.dll
0x00007ff885ce0000 - 0x00007ff885ceb000 	C:\Program Files\Java\jdk-17\bin\management_ext.dll
0x00007ff8986f0000 - 0x00007ff898723000 	C:\Windows\SYSTEM32\IPHLPAPI.DLL
0x00007ff89c7c0000 - 0x00007ff89c7ca000 	C:\Windows\System32\NSI.dll
0x00007ff893060000 - 0x00007ff89307d000 	C:\Windows\SYSTEM32\dhcpcsvc6.DLL
0x00007ff893030000 - 0x00007ff893055000 	C:\Windows\SYSTEM32\dhcpcsvc.DLL
0x00007ff898780000 - 0x00007ff8988d6000 	C:\Windows\SYSTEM32\DNSAPI.dll
0x00007ff8990f0000 - 0x00007ff8990fd000 	C:\Windows\SYSTEM32\DSPARSE.dll
0x00007ff899610000 - 0x00007ff89962b000 	C:\Windows\SYSTEM32\CRYPTSP.dll
0x00007ff898cc0000 - 0x00007ff898cf9000 	C:\Windows\system32\rsaenh.dll
0x00007ff8993d0000 - 0x00007ff899402000 	C:\Windows\SYSTEM32\USERENV.dll
0x00007ff899f70000 - 0x00007ff899f9a000 	C:\Windows\SYSTEM32\bcrypt.dll
0x00007ff899630000 - 0x00007ff89963c000 	C:\Windows\SYSTEM32\CRYPTBASE.dll
0x00007ff884c90000 - 0x00007ff884c9e000 	C:\Program Files\Java\jdk-17\bin\sunmscapi.dll
0x00007ff89a310000 - 0x00007ff89a488000 	C:\Windows\System32\CRYPT32.dll
0x00007ff899850000 - 0x00007ff899880000 	C:\Windows\SYSTEM32\ncrypt.dll
0x00007ff899800000 - 0x00007ff89983f000 	C:\Windows\SYSTEM32\NTASN1.dll
0x00007ff8947d0000 - 0x00007ff8947d8000 	C:\Windows\system32\wshunix.dll
0x00007ff8949f0000 - 0x00007ff8949f7000 	C:\Program Files\Java\jdk-17\bin\rmi.dll

dbghelp: loaded successfully - version: 4.0.5 - missing functions: none
symbol engine: initialized successfully - sym options: 0x614 - pdb path: .;C:\Program Files\Java\jdk-17\bin;C:\Windows\SYSTEM32;C:\Windows\WinSxS\amd64_microsoft.windows.common-controls_6595b64144ccf1df_6.0.26100.8875_none_3e0d5d42e32fe9dd;C:\Program Files\Java\jdk-17\bin\server;C:\Users\Sandipan\.gradle\native\660c5614fbf4a5f2a75b1949f50a0caf5cd603558e7d8a26e50b933a0cfb79d1\windows-amd64;C:\Users\Sandipan\.gradle\native\0.2.8\x86_64-windows-gnu

VM Arguments:
jvm_args: --add-opens=java.base/java.lang=ALL-UNNAMED --add-opens=java.base/java.lang.invoke=ALL-UNNAMED --add-opens=java.base/java.util=ALL-UNNAMED --add-opens=java.prefs/java.util.prefs=ALL-UNNAMED --add-exports=jdk.compiler/com.sun.tools.javac.api=ALL-UNNAMED --add-exports=jdk.compiler/com.sun.tools.javac.util=ALL-UNNAMED --add-opens=java.base/java.util=ALL-UNNAMED --add-opens=java.prefs/java.util.prefs=ALL-UNNAMED --add-opens=java.base/java.nio.charset=ALL-UNNAMED --add-opens=java.base/java.net=ALL-UNNAMED --add-opens=java.base/java.util.concurrent=ALL-UNNAMED --add-opens=java.base/java.util.concurrent.atomic=ALL-UNNAMED --add-opens=java.xml/javax.xml.namespace=ALL-UNNAMED --add-opens=java.base/java.time=ALL-UNNAMED -XX:MaxMetaspaceSize=512m -Xmx2048m -Dfile.encoding=windows-1252 -Duser.country=IN -Duser.language=en -Duser.variant -javaagent:C:\Users\Sandipan\.gradle\wrapper\dists\gradle-9.3.1-bin\23ovyewtku6u96viwx3xl3oks\gradle-9.3.1\lib\agents\gradle-instrumentation-agent-9.3.1.jar 
java_command: org.gradle.launcher.daemon.bootstrap.GradleDaemon 9.3.1
java_class_path (initial): C:\Users\Sandipan\.gradle\wrapper\dists\gradle-9.3.1-bin\23ovyewtku6u96viwx3xl3oks\gradle-9.3.1\lib\gradle-daemon-main-9.3.1.jar
Launcher Type: SUN_STANDARD

[Global flags]
     intx CICompilerCount                          = 4                                         {product} {ergonomic}
   size_t CompressedClassSpaceSize                 = 436207616                                 {product} {ergonomic}
     uint ConcGCThreads                            = 2                                         {product} {ergonomic}
     uint G1ConcRefinementThreads                  = 8                                         {product} {ergonomic}
   size_t G1HeapRegionSize                         = 1048576                                   {product} {ergonomic}
    uintx GCDrainStackTargetSize                   = 64                                        {product} {ergonomic}
   size_t InitialHeapSize                          = 98566144                                  {product} {ergonomic}
   size_t MarkStackSize                            = 4194304                                   {product} {ergonomic}
   size_t MaxHeapSize                              = 2147483648                                {product} {command line}
   size_t MaxMetaspaceSize                         = 536870912                                 {product} {command line}
   size_t MaxNewSize                               = 1287651328                                {product} {ergonomic}
   size_t MinHeapDeltaBytes                        = 1048576                                   {product} {ergonomic}
   size_t MinHeapSize                              = 8388608                                   {product} {ergonomic}
    uintx NonNMethodCodeHeapSize                   = 5839372                                {pd product} {ergonomic}
    uintx NonProfiledCodeHeapSize                  = 122909434                              {pd product} {ergonomic}
    uintx ProfiledCodeHeapSize                     = 122909434                              {pd product} {ergonomic}
    uintx ReservedCodeCacheSize                    = 251658240                              {pd product} {ergonomic}
     bool SegmentedCodeCache                       = true                                      {product} {ergonomic}
   size_t SoftMaxHeapSize                          = 2147483648                             {manageable} {ergonomic}
     bool UseCompressedClassPointers               = true                           {product lp64_product} {ergonomic}
     bool UseCompressedOops                        = true                           {product lp64_product} {ergonomic}
     bool UseG1GC                                  = true                                      {product} {ergonomic}
     bool UseLargePagesIndividualAllocation        = false                                  {pd product} {ergonomic}

Logging:
Log output configuration:
 #0: stdout all=warning uptime,level,tags
 #1: stderr all=off uptime,level,tags

Environment Variables:
PATH=C:\MatrimonyApp\node_modules\.bin;C:\MatrimonyApp\android\node_modules\.bin;C:\MatrimonyApp\node_modules\.bin;C:\node_modules\.bin;C:\Users\Sandipan\AppData\Roaming\npm\node_modules\npm\node_modules\@npmcli\run-script\lib\node-gyp-bin;C:\Program Files\Python312\Scripts\;C:\Program Files\Java\jdk-17\bin;C:\Program Files\Python312\;C:\Windows\system32;C:\Windows;C:\Windows\System32\Wbem;C:\Windows\System32\WindowsPowerShell\v1.0\;C:\Windows\System32\OpenSSH\;C:\Users\Sandipan\AppData\Local\Android\Sdk\emulator;C:\Users\Sandipan\AppData\Local\Android\Sdk\platform-tools;C:\MinGW\bin;C:\Program Files\dotnet\;C:\Program Files\nodejs\;C:\Program Files\Git\cmd;C:\Program Files\Git\mingw64\bin;C:\Program Files\Git\usr\bin;C:\Program Files\Go\bin;C:\Program Files\PowerShell\7\;C:\Program Files (x86)\Common Files\Oracle\Java\javapath;C:\Program Files (x86)\Common Files\Oracle\Java\java8path;C:\Program Files\Common Files\Oracle\Java\javapath;C:\Program Files\PowerShell\7;C:\Program Files\Python312\Scripts\;C:\Program Files\Python312\;C:\Program Files\Common Files\Oracle\Java\javapath;C:\Program Files (x86)\Common Files\Oracle\Java\java8path;C:\Program Files (x86)\Common Files\Oracle\Java\javapath;C:\Windows\system32;C:\Windows;C:\Windows\System32\Wbem;C:\Windows\System32\WindowsPowerShell\v1.0\;C:\Windows\System32\OpenSSH\;C:\Program Files\Java\jdk-24\bin;C:\MinGW\bin;C:\Program Files\dotnet\;C:\Program Files\nodejs\;C:\Program Files\Git\cmd;C:\Program Files\Git\mingw64\bin;C:\Program Files\Git\usr\bin;C:\Program Files\cursor\resources\app\bin;C:\Program Files\CMake\bin;C:\Program Files\Go\bin;C:\Program Files\PowerShell\7\;C:\Users\Sandipan\AppData\Local\Programs\Microsoft VS Code\bin;C:\Users\Sandipan\AppData\Local\Programs\oh-my-posh\bin;C:\Users\Sandipan\AppData\Local\Microsoft\WindowsApps;C:\Program Files\fastfetch;C:\Users\Sandipan\AppData\Roaming\npm;C:\flutter\bin;C:\Users\Sandipan\AppData\Local\Programs\Antigravity\bin;C:\Users\Sandipan\AppData\Local\Programs\Antigra
USERNAME=Sandipan
OS=Windows_NT
PROCESSOR_IDENTIFIER=AMD64 Family 23 Model 160 Stepping 0, AuthenticAMD



---------------  S Y S T E M  ---------------

OS:
 Windows 11 , 64 bit Build 26100 (10.0.26100.8875)
OS uptime: 0 days 3:39 hours
Hyper-V role detected

CPU: total 8 (initial active 8) (8 cores per cpu, 2 threads per core) family 23 model 160 stepping 0 microcode 0x8a0000b, cx8, cmov, fxsr, ht, mmx, 3dnowpref, sse, sse2, sse3, ssse3, sse4a, sse4.1, sse4.2, popcnt, lzcnt, tsc, tscinvbit, avx, avx2, aes, clmul, bmi1, bmi2, adx, sha, fma, vzeroupper, clflush, clflushopt, hv

Memory: 4k page, system-wide physical 5965M (389M free)
TotalPageFile size 24397M (AvailPageFile size 12M)
current process WorkingSet (physical memory assigned to process): 645M, peak: 682M
current process commit charge ("private bytes"): 914M, peak: 919M

vm_info: Java HotSpot(TM) 64-Bit Server VM (17.0.12+8-LTS-286) for windows-amd64 JRE (17.0.12+8-LTS-286), built on Jun  5 2024 06:46:59 by "mach5one" with MS VC++ 17.6 (VS2022)

END.
